anomaly_date,kpi,dimension,segment,actual,baseline,change,contribution_pct,driver_rank
2017-06-21,orders,category,bed_bath_table,2.00,11.11,-9.11,11.61,1
2017-06-21,orders,category,sports_leisure,1.00,8.00,-7.00,8.92,2
2017-06-21,orders,category,toys,0.00,6.29,-6.29,8.01,3
2017-06-21,orders,category,telephony,0.00,6.00,-6.00,7.65,4
2017-06-21,orders,category,health_beauty,3.00,8.21,-5.21,6.65,5
2017-06-21,orders,customer_state,SP,23.00,44.93,-21.93,27.70,1
2017-06-21,orders,customer_state,RJ,4.00,14.57,-10.57,13.35,2
2017-06-21,orders,customer_state,MG,5.00,12.82,-7.82,9.88,3
2017-06-21,orders,customer_state,PR,0.00,6.11,-6.11,7.71,4
2017-06-21,orders,customer_state,RS,2.00,8.04,-6.04,7.62,5
2017-06-21,orders,payment_type,credit_card,26.00,84.36,-58.36,73.70,1
2017-06-21,orders,payment_type,boleto,9.00,24.18,-15.18,19.17,2
2017-06-21,orders,payment_type,voucher,0.00,4.71,-4.71,5.95,3
2017-06-21,orders,payment_type,debit_card,0.00,0.93,-0.93,1.17,4
2017-11-20,revenue,category,health_beauty,5483.09,1551.80,3931.29,16.39,1
2017-11-20,revenue,category,cool_stuff,4970.13,1817.03,3153.10,13.15,2
2017-11-20,revenue,category,agro_industry_and_commerce,3184.55,202.94,2981.61,12.43,3
2017-11-20,revenue,category,toys,3434.54,1188.27,2246.27,9.36,4
2017-11-20,revenue,category,watches_gifts,4214.79,2396.15,1818.64,7.58,5
2017-11-20,revenue,customer_state,SP,18020.19,8600.58,9419.61,39.27,1
2017-11-20,revenue,customer_state,PE,4034.76,657.59,3377.17,14.08,2
2017-11-20,revenue,customer_state,RJ,6341.74,3697.75,2643.99,11.02,3
2017-11-20,revenue,customer_state,MA,2338.48,320.13,2018.35,8.41,4
2017-11-20,revenue,customer_state,MG,4151.91,2747.64,1404.27,5.85,5
2017-11-20,revenue,payment_type,credit_card,40135.04,19354.20,20780.84,86.64,1
2017-11-20,revenue,payment_type,boleto,8536.98,4986.39,3550.59,14.80,2
2017-11-20,revenue,payment_type,voucher,298.74,592.71,-293.97,-1.23,3
2017-11-20,revenue,payment_type,debit_card,102.23,153.90,-51.67,-0.22,4
2017-11-23,revenue,category,health_beauty,5158.58,1838.13,3320.45,14.40,1
2017-11-23,revenue,category,computers_accessories,4664.60,1801.91,2862.69,12.42,2
2017-11-23,revenue,category,watches_gifts,4953.10,2556.56,2396.54,10.39,3
2017-11-23,revenue,category,toys,3728.86,1371.06,2357.80,10.23,4
2017-11-23,revenue,category,musical_instruments,2369.21,313.95,2055.26,8.91,5
2017-11-23,revenue,customer_state,MG,9150.81,2864.14,6286.67,27.27,1
2017-11-23,revenue,customer_state,SP,14223.29,9107.37,5115.92,22.19,2
2017-11-23,revenue,customer_state,PR,3100.56,1233.05,1867.51,8.10,3
2017-11-23,revenue,customer_state,RS,3512.59,1711.85,1800.74,7.81,4
2017-11-23,revenue,customer_state,ES,2094.20,514.54,1579.66,6.85,5
2017-11-23,revenue,payment_type,credit_card,41230.16,20798.83,20431.33,88.62,1
2017-11-23,revenue,payment_type,boleto,7743.98,5159.58,2584.40,11.21,2
2017-11-23,revenue,payment_type,voucher,627.71,588.38,39.33,0.17,3
2017-11-23,revenue,payment_type,debit_card,146.30,146.22,0.08,0.00,4
2017-11-24,orders,category,bed_bath_table,157.00,17.32,139.68,13.91,1
2017-11-24,orders,category,furniture_decor,89.00,11.64,77.36,7.70,2
2017-11-24,orders,category,garden_tools,86.00,8.79,77.21,7.69,3
2017-11-24,orders,category,health_beauty,82.00,11.39,70.61,7.03,4
2017-11-24,orders,category,telephony,73.00,7.04,65.96,6.57,5
2017-11-24,orders,customer_state,SP,456.00,69.00,387.00,38.48,1
2017-11-24,orders,customer_state,MG,161.00,19.32,141.68,14.09,2
2017-11-24,orders,customer_state,RJ,164.00,23.04,140.96,14.02,3
2017-11-24,orders,customer_state,RS,73.00,9.46,63.54,6.32,4
2017-11-24,orders,customer_state,SC,62.00,6.86,55.14,5.48,5
2017-11-24,orders,payment_type,credit_card,936.00,126.18,809.82,80.52,1
2017-11-24,orders,payment_type,boleto,216.00,36.54,179.46,17.84,2
2017-11-24,orders,payment_type,voucher,17.00,5.75,11.25,1.12,3
2017-11-24,orders,payment_type,debit_card,7.00,1.79,5.21,0.52,4
2017-11-24,revenue,category,bed_bath_table,20962.05,2186.63,18775.42,12.72,1
2017-11-24,revenue,category,watches_gifts,18992.86,2658.42,16334.44,11.07,2
2017-11-24,revenue,category,furniture_decor,14070.74,1599.32,12471.42,8.45,3
2017-11-24,revenue,category,health_beauty,13254.07,1979.50,11274.57,7.64,4
2017-11-24,revenue,category,computers_accessories,12235.55,1938.38,10297.17,6.98,5
2017-11-24,revenue,customer_state,SP,56170.05,9361.38,46808.67,31.71,1
2017-11-24,revenue,customer_state,RJ,30616.32,3990.65,26625.67,18.04,2
2017-11-24,revenue,customer_state,MG,28277.91,3064.21,25213.70,17.08,3
2017-11-24,revenue,customer_state,RS,10583.26,1786.85,8796.41,5.96,4
2017-11-24,revenue,customer_state,ES,6916.07,583.04,6333.03,4.29,5
2017-11-24,revenue,payment_type,credit_card,141342.58,21518.83,119823.75,81.18,1
2017-11-24,revenue,payment_type,boleto,31754.62,5321.82,26432.80,17.91,2
2017-11-24,revenue,payment_type,voucher,1322.00,588.39,733.61,0.50,3
2017-11-24,revenue,payment_type,debit_card,759.26,150.06,609.20,0.41,4
2018-02-26,revenue,category,health_beauty,6761.67,3043.63,3718.04,22.40,1
2018-02-26,revenue,category,baby,2952.64,742.82,2209.82,13.31,2
2018-02-26,revenue,category,toys,2609.75,485.78,2123.97,12.80,3
2018-02-26,revenue,category,small_appliances,2211.43,166.21,2045.22,12.32,4
2018-02-26,revenue,category,computers_accessories,5914.22,4027.27,1886.95,11.37,5
2018-02-26,revenue,customer_state,RJ,8964.42,4303.72,4660.70,28.08,1
2018-02-26,revenue,customer_state,PR,4476.72,1579.48,2897.24,17.46,2
2018-02-26,revenue,customer_state,SP,14679.56,12379.29,2300.27,13.86,3
2018-02-26,revenue,customer_state,MG,5966.96,4212.50,1754.46,10.57,4
2018-02-26,revenue,customer_state,CE,1579.89,414.33,1165.56,7.02,5
2018-02-26,revenue,payment_type,credit_card,37332.10,26110.14,11221.96,67.61,1
2018-02-26,revenue,payment_type,boleto,11102.58,5870.41,5232.17,31.52,2
2018-02-26,revenue,payment_type,debit_card,565.57,281.42,284.15,1.71,3
2018-02-26,revenue,payment_type,voucher,656.80,797.42,-140.62,-0.85,4
