anomaly_date,kpi,value,expected,deviation_pct,z_score,direction,flag_zscore,flag_iqr,flag_isolation_forest,methods_agreeing,severity
2017-02-12,aov,268.69,169.67,58.36,2.73,spike,f,t,f,1,medium
2017-02-19,avg_review_score,3.4,4.06,-16.18,-3.78,drop,t,t,f,2,high
2017-04-01,aov,285.79,161.05,77.46,4.15,spike,t,t,t,3,high
2017-04-01,avg_review_score,4.43,4.07,8.72,3.47,spike,t,f,f,1,medium
2017-04-02,avg_review_score,4.48,4.09,9.57,3.2,spike,t,f,f,1,medium
2017-04-18,aov,330.05,164.03,101.21,4.64,spike,t,t,f,2,high
2017-04-19,late_delivery_rate,15.05,5.85,157.34,3.79,spike,t,f,f,1,medium
2017-06-12,late_delivery_rate,7.44,2.37,213.59,3.95,spike,t,f,f,1,medium
2017-06-21,orders,35,114.18,-69.35,-3.31,drop,t,f,t,2,high
2017-07-18,revenue,31844.61,16450.72,93.58,3.23,spike,t,f,f,1,medium
2017-08-25,late_delivery_rate,5.98,2.66,124.75,3.54,spike,t,f,f,1,medium
2017-08-29,aov,270.06,147.66,82.89,10.17,spike,t,t,t,3,high
2017-08-29,revenue,36458.69,19767.37,84.44,3.86,spike,t,f,f,1,medium
2017-09-02,avg_review_score,4.54,4.23,7.32,3.88,spike,t,f,f,1,medium
2017-09-03,aov,249.99,158.66,57.57,3.12,spike,t,t,f,2,high
2017-09-29,aov,285.1,167.43,70.28,4.36,spike,t,t,f,2,high
2017-10-28,aov,220.49,165.59,33.16,3.24,spike,t,f,f,1,medium
2017-10-30,late_delivery_rate,9.42,3.93,139.83,3.12,spike,t,f,f,1,medium
2017-11-14,late_delivery_rate,10.33,4.5,129.63,3.35,spike,t,f,f,1,medium
2017-11-20,late_delivery_rate,13.24,5.43,143.97,3.13,spike,t,f,f,1,medium
2017-11-20,revenue,49072.99,25087.21,95.61,6.21,spike,t,f,t,2,high
2017-11-21,late_delivery_rate,18.02,5.81,210.38,4.3,spike,t,f,f,1,high
2017-11-23,orders,283,165.29,71.22,3.21,spike,t,f,f,1,medium
2017-11-23,revenue,49748.15,26693,86.37,3.65,spike,t,f,t,2,high
2017-11-24,orders,1176,170.25,590.75,23.63,spike,t,t,t,3,high
2017-11-24,revenue,175178.46,27579.1,535.19,19.26,spike,t,t,f,2,high
2017-11-25,late_delivery_rate,20.94,7.4,182.97,2.97,spike,f,t,f,1,medium
2017-11-25,orders,499,207.5,140.48,1.5,spike,f,t,f,1,medium
2017-11-25,revenue,70683.26,33011.28,114.12,1.3,spike,f,t,f,1,medium
2017-11-26,orders,391,222.18,75.98,0.84,spike,f,t,f,1,medium
2017-11-27,orders,403,231.43,74.14,0.85,spike,f,t,f,1,medium
2017-12-24,aov,116.73,153.94,-24.17,-3.14,drop,t,f,t,2,high
2018-01-19,avg_review_score,3.8,4.09,-7.09,-3.41,drop,t,f,f,1,medium
2018-01-24,late_delivery_rate,12.71,4.7,170.53,3.52,spike,t,f,f,1,medium
2018-02-11,avg_review_score,3.6,4.01,-10.34,-3.69,drop,t,f,f,1,medium
2018-02-24,late_delivery_rate,25,10.49,138.43,2.94,spike,f,t,f,1,medium
2018-02-26,aov,171.23,144.52,18.49,3.03,spike,t,f,f,1,medium
2018-02-26,late_delivery_rate,27.24,11.89,129.16,2.67,spike,f,t,f,1,medium
2018-02-26,revenue,49657.05,33059.39,50.21,3.28,spike,t,f,t,2,high
2018-03-02,late_delivery_rate,30.15,14.46,108.45,2.23,spike,f,t,f,1,medium
2018-03-21,late_delivery_rate,9.75,22.9,-57.42,-3.12,drop,t,f,f,1,medium
2018-03-23,late_delivery_rate,6.22,22.23,-72.02,-3.02,drop,t,t,f,2,high
2018-04-09,aov,221.38,161.7,36.91,4.74,spike,t,f,t,2,high
2018-05-10,aov,208.56,161.51,29.13,3.8,spike,t,f,f,1,medium
2018-05-11,late_delivery_rate,9.43,4.05,132.86,3.54,spike,t,f,f,1,medium
2018-05-14,late_delivery_rate,11.27,4.46,152.79,3.76,spike,t,f,f,1,medium
2018-05-17,late_delivery_rate,16.07,5.18,210.06,3.83,spike,t,f,f,1,medium
2018-07-07,orders,91,204.29,-55.45,-2.65,drop,f,f,t,1,medium
2018-07-09,late_delivery_rate,5.48,1.15,378.01,4.91,spike,t,f,f,1,high
2018-07-10,late_delivery_rate,5.43,1.23,340.44,3.64,spike,t,f,f,1,medium
2018-07-11,late_delivery_rate,8.13,1.31,520.78,5.05,spike,t,f,t,2,high
2018-07-12,late_delivery_rate,7.69,1.56,393.74,3.29,spike,t,f,t,2,high
2018-07-15,aov,228.9,160.2,42.88,3.97,spike,t,f,f,1,medium
2018-08-02,late_delivery_rate,11.64,3.9,198.49,3.01,spike,t,f,f,1,medium
