month_start,active_customers,new_customers,returning_customers,revenue_new,revenue_returning
2017-01-01,718,718,0,127482.37,0
2017-02-01,1630,1628,2,271128.25,111.07
2017-03-01,2508,2503,5,413734.57,596.38
2017-04-01,2274,2257,17,388528.44,2283.96
2017-05-01,3479,3451,28,561812.30,5039.10
2017-06-01,3076,3037,39,484122.56,5927.81
2017-07-01,3802,3753,49,558784.72,7514.36
2017-08-01,4114,4057,57,635510.20,10322.16
2017-09-01,4083,4005,78,689790.35,11287.14
2017-10-01,4417,4328,89,737563.60,13553.41
2017-11-01,7183,7061,122,1135610.71,17753.49
2017-12-01,5450,5338,112,824253.26,18825.03
2018-01-01,6974,6843,131,1057627.69,20259.77
2018-02-01,6400,6288,112,949944.05,16224.36
2018-03-01,6914,6775,139,1101058.33,19539.91
2018-04-01,6744,6582,162,1108008.24,24870.69
2018-05-01,6693,6508,185,1100368.16,28406.36
2018-06-01,6061,5879,182,981982.72,29995.57
2018-07-01,6100,5949,151,1003793.01,24014.27
2018-08-01,6310,6144,166,963030.33,22461.31
