date_key,is_complete_data,orders,delivered_orders,revenue,canceled_orders,late_orders,orders_with_delivery_date,delivery_days_sum,reviews,review_score_sum
2017-01-01,t,0,0,0,0,0,0,0,0,0
2017-01-02,t,0,0,0,0,0,0,0,0,0
2017-01-03,t,0,0,0,0,0,0,0,0,0
2017-01-04,t,0,0,0,0,0,0,0,0,0
2017-01-05,t,32,32,707.27,0,0,32,347.81,32,157
2017-01-06,t,4,4,988.28,0,0,4,29.84,4,19
2017-01-07,t,4,4,1447.99,0,1,4,96.81,4,12
2017-01-08,t,6,4,507.85,0,0,4,32.46,6,20
2017-01-09,t,5,5,774.51,0,1,5,117.50,5,17
2017-01-10,t,6,6,1571.17,0,0,6,74.99,6,21
2017-01-11,t,12,10,2098.78,1,0,10,73.71,12,46
2017-01-12,t,13,12,1720.35,0,2,12,292.23,13,50
2017-01-13,t,12,10,2712.86,1,0,10,95.20,11,48
2017-01-14,t,18,16,1153.29,0,1,16,244.39,17,61
2017-01-15,t,14,14,2551.34,0,0,14,178.89,14,63
2017-01-16,t,19,18,3664.54,0,0,18,218.09,18,73
2017-01-17,t,32,32,3893.61,0,0,32,351.46,32,136
2017-01-18,t,33,30,3811.68,0,1,30,395.40,30,114
2017-01-19,t,29,29,4140.16,0,1,29,360.02,29,118
2017-01-20,t,29,28,4656.05,1,0,28,337.65,29,130
2017-01-21,t,24,22,2897.87,0,0,22,284.32,24,89
2017-01-22,t,31,30,4141.87,1,0,30,278.33,31,121
2017-01-23,t,39,36,7221.59,0,2,36,467.32,39,144
2017-01-24,t,40,38,5943.21,0,0,38,441.31,40,171
2017-01-25,t,63,57,8196.07,1,1,57,686.76,63,239
2017-01-26,t,86,82,14824.80,2,4,82,1115.60,86,365
2017-01-27,t,62,59,12458.15,1,0,59,762.22,62,253
2017-01-28,t,29,28,5710.01,0,0,28,359.37,29,118
2017-01-29,t,35,32,6593.76,0,2,32,441.10,35,151
2017-01-30,t,53,48,11277.15,2,0,48,535.21,51,203
2017-01-31,t,70,64,11818.16,3,6,64,867.28,68,270
2017-02-01,t,73,61,8788.70,7,1,61,721.27,73,277
2017-02-02,t,69,67,10334.07,1,2,67,858.71,69,299
2017-02-03,t,60,54,10797.08,4,2,54,807.90,60,239
2017-02-04,t,67,64,15320.15,1,2,64,826.21,67,273
2017-02-05,t,75,74,10035.21,0,1,74,808.70,74,312
2017-02-06,t,85,78,10892.49,4,2,78,849.61,83,340
2017-02-07,t,112,108,16004.01,2,1,108,1158.85,112,474
2017-02-08,t,95,83,13516.29,6,1,83,1014.16,95,390
2017-02-09,t,77,73,10568.42,0,4,73,1000.59,75,303
2017-02-10,t,66,63,14486.49,1,2,63,816.45,66,276
2017-02-11,t,49,45,5233.15,4,2,45,640.84,49,199
2017-02-12,t,64,61,16389.82,2,1,61,751.70,63,264
2017-02-13,t,78,74,12174.71,3,1,74,947.06,78,291
2017-02-14,t,76,66,12357.96,5,2,66,889.42,76,293
2017-02-15,t,62,56,7734.14,2,0,56,611.98,61,246
2017-02-16,t,55,49,6842.42,5,1,49,654.91,55,226
2017-02-17,t,46,45,8059.21,1,2,45,726.36,46,185
2017-02-18,t,54,52,8451.14,2,0,52,717.49,53,223
2017-02-19,t,40,37,4195.81,0,0,37,481.99,40,136
2017-02-20,t,63,59,8318.07,1,5,59,891.37,62,243
2017-02-21,t,41,39,8982.23,0,1,39,684.23,40,161
2017-02-22,t,63,53,7024.96,5,2,53,717.95,63,234
2017-02-23,t,59,57,7790.55,0,2,57,812.62,59,242
2017-02-24,t,64,60,7779.20,2,3,60,883.76,63,264
2017-02-25,t,43,39,4347.75,1,0,39,561.73,43,157
2017-02-26,t,46,42,6101.02,1,2,42,588.78,46,172
2017-02-27,t,43,41,6721.86,1,3,41,509.30,42,173
2017-02-28,t,55,53,11992.41,1,4,53,834.05,55,209
2017-03-01,t,99,93,14190.98,4,4,93,1032.61,99,398
2017-03-02,t,72,66,12575.46,4,1,66,827.97,70,286
2017-03-03,t,74,72,13919.14,2,3,72,987.10,74,307
2017-03-04,t,80,69,10024.79,4,3,69,856.76,79,319
2017-03-05,t,74,67,8092.32,4,5,67,819.45,73,310
2017-03-06,t,105,94,10605.15,7,4,94,1109.08,104,403
2017-03-07,t,82,78,13190.06,2,3,78,1004.25,82,336
2017-03-08,t,79,73,14774.64,2,4,73,1224.11,79,320
2017-03-09,t,93,88,13001.78,1,4,88,1212.24,91,369
2017-03-10,t,88,84,14005.74,2,1,84,1012.71,88,376
2017-03-11,t,71,68,12089.77,1,2,68,827.35,70,283
2017-03-12,t,64,63,7711.89,1,0,63,676.27,63,260
2017-03-13,t,111,104,18563.44,3,9,104,1465.10,108,429
2017-03-14,t,99,95,16171.19,1,4,95,1148.92,98,398
2017-03-15,t,108,101,16477.95,1,4,101,1550.76,107,439
2017-03-16,t,103,100,16463.94,1,8,100,1486.35,103,418
2017-03-17,t,65,64,13522.03,0,2,64,1029.74,65,264
2017-03-18,t,73,71,17588.75,0,2,71,870.09,73,301
2017-03-19,t,56,56,7728.08,0,1,56,634.48,55,230
2017-03-20,t,119,113,19327.85,5,8,113,1348.80,118,478
2017-03-21,t,97,92,13166.64,5,2,92,991.92,97,382
2017-03-22,t,105,104,16338.04,0,5,104,1201.85,104,445
2017-03-23,t,114,105,18402.83,4,3,105,1283.24,113,467
2017-03-24,t,79,75,11554.40,3,4,75,1132.49,79,313
2017-03-25,t,76,72,10896.76,2,5,72,920.46,76,292
2017-03-26,t,64,63,7356.92,0,6,63,824.94,63,253
2017-03-27,t,111,107,18517.10,2,4,107,1302.05,110,452
2017-03-28,t,103,96,13533.92,3,5,96,1024.97,103,425
2017-03-29,t,74,72,9662.03,1,3,72,1046.99,74,305
2017-03-30,t,74,72,11172.34,0,2,72,983.96,74,304
2017-03-31,t,70,69,13705.02,0,5,69,1136.83,69,279
2017-04-01,t,68,66,18862.37,1,2,66,907.72,67,297
2017-04-02,t,65,64,10449.40,0,1,64,811.73,65,291
2017-04-03,t,72,68,10300.27,0,3,68,880.93,70,285
2017-04-04,t,96,96,14152.99,0,7,96,1561.26,95,402
2017-04-05,t,96,93,20080.09,0,7,93,1091.89,96,418
2017-04-06,t,96,92,20966.29,1,4,92,1279.98,96,382
2017-04-07,t,85,82,14605.91,1,7,82,1161.31,84,352
2017-04-08,t,68,64,9688.06,2,5,64,938.55,68,257
2017-04-09,t,73,68,9077.65,2,2,68,926.97,72,280
2017-04-10,t,87,84,13049.66,1,5,84,1020.77,87,345
2017-04-11,t,78,73,8400.58,1,5,73,1035.92,78,315
2017-04-12,t,63,61,8925.15,1,6,61,917.75,62,237
2017-04-13,t,60,60,11213.93,0,4,60,1023.84,59,246
2017-04-14,t,54,47,7950.88,3,1,47,806.16,54,205
2017-04-15,t,52,49,9225.82,0,5,49,756.26,52,204
2017-04-16,t,49,47,6046.41,0,3,47,805.55,49,196
2017-04-17,t,65,58,8628.01,1,5,58,895.68,65,252
2017-04-18,t,71,71,23433.86,0,5,71,1189.72,71,298
2017-04-19,t,97,93,13527.61,0,14,93,1581.77,96,369
2017-04-20,t,98,91,14461.90,2,9,91,1477.92,96,364
2017-04-21,t,68,66,10048.39,1,4,66,1060.22,66,250
2017-04-22,t,84,82,14736.68,1,5,82,1194.46,84,331
2017-04-23,t,88,84,11506.54,3,4,84,1213.71,87,349
2017-04-24,t,115,110,15435.60,1,11,110,1646.83,114,454
2017-04-25,t,111,106,16136.78,0,8,106,1383.24,110,449
2017-04-26,t,125,122,18037.64,2,8,122,1879.72,124,508
2017-04-27,t,80,75,11475.53,2,0,75,1073.06,80,340
2017-04-28,t,98,95,17803.15,0,6,95,1654.75,98,398
2017-04-29,t,74,70,13295.69,1,2,70,1063.35,74,296
2017-04-30,t,68,66,9289.56,0,3,66,1114.68,68,283
2017-05-01,t,117,111,13923.19,1,4,111,1549.77,116,465
2017-05-02,t,128,122,19905.34,3,5,122,1777.84,127,519
2017-05-03,t,103,101,12105.77,1,7,101,1628.99,103,428
2017-05-04,t,109,107,15778.17,1,1,107,1435.17,108,456
2017-05-05,t,111,104,15902.53,1,2,104,1351.61,111,434
2017-05-06,t,109,103,16591.62,2,2,103,1249.19,108,456
2017-05-07,t,111,102,18674.86,2,2,102,1195.84,110,444
2017-05-08,t,124,120,18708.37,2,4,120,1392.09,123,532
2017-05-09,t,128,120,23487.36,4,5,120,1398.82,128,529
2017-05-10,t,116,109,22639.82,1,5,109,1159.13,113,479
2017-05-11,t,126,124,21041.73,0,7,124,1270.05,123,513
2017-05-12,t,115,105,13918.65,5,6,105,1252.52,114,444
2017-05-13,t,73,67,9772.58,1,0,67,733.57,73,279
2017-05-14,t,112,108,16509.65,2,5,108,1129.69,111,458
2017-05-15,t,157,149,21047.98,4,3,149,1559.03,156,616
2017-05-16,t,153,149,24204.95,3,3,149,1452.48,151,622
2017-05-17,t,141,139,21127.09,1,4,139,1609.52,139,594
2017-05-18,t,125,124,20801.42,0,3,124,1388.34,124,497
2017-05-19,t,144,140,20476.48,0,3,140,1494.30,142,585
2017-05-20,t,72,70,12230.23,0,1,70,737.05,70,296
2017-05-21,t,148,145,20063.30,0,3,145,1387.66,145,617
2017-05-22,t,148,145,27312.02,0,3,145,1395.48,148,619
2017-05-23,t,125,120,19913.85,1,5,120,1181.10,123,510
2017-05-24,t,142,140,26523.73,1,7,140,1489.69,140,603
2017-05-25,t,108,103,17383.91,4,2,102,1207.49,108,457
2017-05-26,t,80,77,12246.38,2,2,77,891.62,80,324
2017-05-27,t,83,77,15158.26,4,2,77,835.62,81,344
2017-05-28,t,98,98,11107.24,0,1,98,972.75,97,430
2017-05-29,t,160,151,20620.45,3,3,151,1495.48,160,647
2017-05-30,t,105,98,15732.56,5,3,98,1096.10,105,438
2017-05-31,t,129,118,21941.91,6,3,118,1419.69,129,543
2017-06-01,t,124,123,21730.33,0,2,123,1382.36,122,487
2017-06-02,t,127,123,21013.76,1,2,123,1485.74,127,531
2017-06-03,t,89,88,12232.84,0,4,88,1254.44,85,347
2017-06-04,t,102,99,15701.85,1,2,99,1194.39,102,447
2017-06-05,t,147,142,25970.02,2,2,142,1576.39,145,597
2017-06-06,t,134,128,16124.16,1,2,128,1443.03,131,552
2017-06-07,t,129,122,15102.21,5,6,122,1597.01,128,519
2017-06-08,t,137,134,21913.61,0,3,134,1687.85,137,570
2017-06-09,t,108,105,18443.48,2,0,105,1255.47,107,442
2017-06-10,t,77,72,9467.00,1,0,72,867.91,76,297
2017-06-11,t,115,111,16386.88,2,5,111,1394.86,114,480
2017-06-12,t,126,121,16716.10,1,9,121,1611.04,125,525
2017-06-13,t,126,121,16285.23,2,2,121,1439.14,126,530
2017-06-14,t,131,128,23184.15,1,7,128,1721.97,131,536
2017-06-15,t,108,103,14140.56,3,3,103,1459.92,108,433
2017-06-16,t,97,94,14547.83,2,4,94,1232.76,96,399
2017-06-17,t,75,72,12474.05,1,3,72,848.21,74,295
2017-06-18,t,90,87,17556.37,2,1,87,953.57,90,378
2017-06-19,t,156,152,25319.01,1,6,152,1729.65,154,631
2017-06-20,t,94,90,13653.90,2,2,90,918.07,94,365
2017-06-21,t,35,34,7196.18,0,2,34,321.40,35,155
2017-06-22,t,88,83,10159.55,2,5,83,1001.74,86,349
2017-06-23,t,107,103,15044.51,1,0,103,1208.52,107,473
2017-06-24,t,76,74,9781.50,0,6,74,1000.34,75,310
2017-06-25,t,105,99,19861.19,0,1,99,1016.05,105,437
2017-06-26,t,72,67,14631.39,0,3,67,784.42,72,299
2017-06-27,t,141,140,19575.96,1,2,140,1435.19,140,585
2017-06-28,t,120,117,16811.26,0,4,117,1363.75,119,495
2017-06-29,t,114,110,14275.04,4,4,110,1253.64,112,468
2017-06-30,t,95,93,14750.45,2,3,93,1217.61,95,413
2017-07-01,t,80,77,13357.44,0,1,77,1005.51,80,323
2017-07-02,t,108,102,13329.83,4,2,102,1095.73,106,445
2017-07-03,t,118,111,17704.27,2,1,111,1275.09,117,493
2017-07-04,t,125,120,17626.42,2,6,120,1384.73,122,494
2017-07-05,t,145,138,23844.87,6,5,138,1647.73,143,586
2017-07-06,t,154,140,24168.19,6,3,140,1746.44,153,634
2017-07-07,t,121,114,15647.80,5,0,114,1401.69,118,512
2017-07-08,t,84,83,11897.07,1,0,83,952.30,83,369
2017-07-09,t,94,88,9915.73,6,3,88,993.50,94,376
2017-07-10,t,143,140,20397.34,3,8,140,1712.99,143,620
2017-07-11,t,165,158,22602.06,4,3,158,1775.90,164,700
2017-07-12,t,153,145,21757.95,6,5,145,1745.43,151,611
2017-07-13,t,137,131,17675.37,1,5,131,1711.97,137,555
2017-07-14,t,149,148,21665.78,0,1,148,1867.49,148,617
2017-07-15,t,98,97,13070.38,0,2,97,1231.50,95,405
2017-07-16,t,114,107,15085.01,3,6,107,1344.26,111,450
2017-07-17,t,168,162,25133.74,5,6,162,1737.20,164,678
2017-07-18,t,192,188,31844.61,2,7,188,2143.07,191,791
2017-07-19,t,153,148,19302.12,3,3,148,1651.65,153,636
2017-07-20,t,142,139,21031.58,2,4,139,1624.55,141,595
2017-07-21,t,115,112,14917.54,2,4,112,1344.42,115,473
2017-07-22,t,88,87,13279.20,0,2,87,1092.02,88,359
2017-07-23,t,105,101,13682.85,1,1,101,1008.92,105,445
2017-07-24,t,162,157,21300.63,4,8,157,1753.46,161,682
2017-07-25,t,153,145,19767.31,4,4,145,1594.70,150,611
2017-07-26,t,124,117,13352.49,3,3,117,1270.57,124,545
2017-07-27,t,124,121,18440.83,1,3,121,1451.71,124,525
2017-07-28,t,132,130,22607.76,0,3,130,1565.98,132,578
2017-07-29,t,115,109,17426.58,1,4,109,1286.81,115,460
2017-07-30,t,117,114,14388.60,0,1,114,1101.43,115,485
2017-07-31,t,148,143,20077.73,3,4,143,1368.49,147,611
2017-08-01,t,165,161,24807.85,0,7,161,1810.65,162,683
2017-08-02,t,157,149,20673.82,5,4,149,1455.72,157,623
2017-08-03,t,148,144,21257.46,3,3,144,1527.37,146,639
2017-08-04,t,142,139,21112.70,1,4,139,1728.50,142,607
2017-08-05,t,115,113,14282.71,1,2,113,1389.42,115,498
2017-08-06,t,109,105,15305.72,1,4,105,1312.51,109,447
2017-08-07,t,157,157,26629.34,0,4,157,1658.89,157,682
2017-08-08,t,146,146,21527.55,0,6,146,1593.31,146,633
2017-08-09,t,144,140,23298.08,3,2,140,1483.44,142,607
2017-08-10,t,157,154,23196.09,3,6,154,1909.11,157,669
2017-08-11,t,141,133,22059.17,4,3,133,1530.62,141,591
2017-08-12,t,98,91,14433.46,3,3,91,1033.46,95,400
2017-08-13,t,96,90,14373.59,5,2,90,908.27,96,403
2017-08-14,t,159,153,21243.99,5,2,153,1496.74,158,672
2017-08-15,t,194,186,26883.57,1,5,186,2266.63,193,820
2017-08-16,t,174,166,24353.54,4,6,166,1875.96,171,734
2017-08-17,t,158,153,21116.33,3,6,153,1846.66,158,663
2017-08-18,t,147,141,19514.79,1,4,141,1608.91,145,612
2017-08-19,t,108,106,15017.00,1,2,106,1195.48,106,440
2017-08-20,t,104,103,14955.17,1,1,103,1030.71,103,435
2017-08-21,t,177,172,25168.01,0,5,172,1753.88,176,755
2017-08-22,t,138,135,19680.58,2,3,135,1419.50,137,584
2017-08-23,t,112,111,18593.79,1,3,111,1181.17,111,469
2017-08-24,t,128,123,15702.29,2,3,123,1449.64,127,536
2017-08-25,t,123,117,16589.62,2,7,117,1562.04,122,497
2017-08-26,t,93,89,11658.23,0,1,89,969.41,92,391
2017-08-27,t,119,115,15414.31,1,2,115,1164.19,119,495
2017-08-28,t,155,150,24637.72,1,5,150,1485.04,151,661
2017-08-29,t,137,135,36458.69,0,7,135,1575.48,137,575
2017-08-30,t,181,173,33063.14,4,3,173,1925.72,179,769
2017-08-31,t,149,143,22824.05,1,7,143,1591.73,148,628
2017-09-01,t,158,153,31762.64,1,7,153,1945.61,158,637
2017-09-02,t,104,102,20215.96,0,1,102,1166.86,104,472
2017-09-03,t,125,123,30749.18,1,1,123,1277.85,125,552
2017-09-04,t,150,147,28186.68,2,6,147,1787.23,149,629
2017-09-05,t,157,151,24058.06,3,2,151,1719.09,155,627
2017-09-06,t,140,138,28254.37,1,9,138,1886.28,138,561
2017-09-07,t,99,97,19096.76,2,3,97,1132.44,98,422
2017-09-08,t,116,111,14052.14,2,5,111,1399.63,116,498
2017-09-09,t,106,103,17080.58,0,3,103,1161.06,104,427
2017-09-10,t,136,132,20041.51,2,9,132,1419.06,134,568
2017-09-11,t,180,176,26817.75,3,6,176,1762.00,178,767
2017-09-12,t,206,200,31485.63,3,16,200,2464.96,204,831
2017-09-13,t,207,203,31513.57,3,15,203,2445.90,205,846
2017-09-14,t,166,163,26057.64,0,12,163,1983.73,165,667
2017-09-15,t,150,144,21050.71,2,8,144,1825.55,147,613
2017-09-16,t,129,125,21758.71,2,10,125,1611.43,127,519
2017-09-17,t,126,125,22826.04,1,8,125,1539.39,125,518
2017-09-18,t,183,179,31138.01,0,18,179,2074.26,180,747
2017-09-19,t,154,149,22906.86,1,10,149,1771.36,153,630
2017-09-20,t,163,158,25690.71,2,7,158,1802.23,162,692
2017-09-21,t,150,144,21483.11,0,3,144,1829.73,150,622
2017-09-22,t,138,133,18108.13,3,2,133,1575.88,137,575
2017-09-23,t,88,81,11530.58,4,0,81,998.37,87,359
2017-09-24,t,118,112,15371.22,6,2,112,1303.84,118,500
2017-09-25,t,136,129,20365.15,4,1,129,1411.74,135,567
2017-09-26,t,180,174,24567.69,1,7,174,1974.14,180,788
2017-09-27,t,147,144,24083.23,3,3,144,1687.28,146,628
2017-09-28,t,143,140,26042.47,1,3,140,1604.32,143,602
2017-09-29,t,121,109,31075.78,5,5,109,1403.47,120,491
2017-09-30,t,109,105,13706.62,0,0,105,1217.15,108,449
2017-10-01,t,128,124,21048.67,2,3,124,1490.67,128,527
2017-10-02,t,143,140,24937.45,1,2,140,1540.97,143,587
2017-10-03,t,198,193,29647.50,0,5,193,2187.33,198,813
2017-10-04,t,157,156,24518.81,0,1,156,1891.69,155,670
2017-10-05,t,140,138,28373.15,1,5,138,1767.41,138,543
2017-10-06,t,130,124,19876.14,5,7,124,1795.86,130,517
2017-10-07,t,105,100,17222.98,3,6,100,1374.52,105,423
2017-10-08,t,126,124,19424.09,2,0,124,1350.53,126,539
2017-10-09,t,193,187,33381.74,4,9,187,2304.33,191,785
2017-10-10,t,185,175,31450.93,7,12,175,2158.88,183,750
2017-10-11,t,158,151,21848.66,2,7,151,1752.33,155,643
2017-10-12,t,143,136,21724.54,5,4,136,1749.12,142,574
2017-10-13,t,154,150,25706.51,3,8,150,1970.60,153,629
2017-10-14,t,116,114,15715.40,1,4,114,1289.37,115,488
2017-10-15,t,121,117,21097.05,1,4,117,1208.09,121,495
2017-10-16,t,195,188,34432.31,1,9,188,2161.58,192,799
2017-10-17,t,202,195,34316.96,5,14,195,2357.36,201,842
2017-10-18,t,179,176,31501.86,3,6,176,1947.83,178,750
2017-10-19,t,176,172,26785.55,1,6,172,2016.38,175,692
2017-10-20,t,124,118,21436.40,5,4,118,1437.84,124,504
2017-10-21,t,113,104,16798.55,5,3,104,1156.92,111,439
2017-10-22,t,158,152,22539.73,2,8,152,1707.90,157,647
2017-10-23,t,161,152,25126.53,4,4,152,1667.69,161,646
2017-10-24,t,164,162,25676.45,1,9,162,1767.25,162,702
2017-10-25,t,156,152,20594.98,2,4,152,1811.94,155,665
2017-10-26,t,144,140,24937.54,2,8,140,1611.80,142,584
2017-10-27,t,133,130,23077.41,2,7,130,1696.33,131,533
2017-10-28,t,88,85,18741.90,2,2,85,1090.70,87,365
2017-10-29,t,132,129,20048.32,3,5,129,1405.87,130,546
2017-10-30,t,149,138,22367.97,6,13,138,1558.99,147,602
2017-10-31,t,160,156,26760.93,3,8,156,1866.14,157,640
2017-11-01,t,111,108,22029.17,2,4,108,1393.25,111,473
2017-11-02,t,124,117,23825.63,5,4,117,1500.21,124,490
2017-11-03,t,143,138,26036.15,5,3,138,1757.88,143,581
2017-11-04,t,111,106,22074.22,0,4,106,1302.33,110,452
2017-11-05,t,144,137,19815.72,4,3,137,1576.19,144,587
2017-11-06,t,193,182,32103.93,6,11,182,2450.45,190,767
2017-11-07,t,160,154,23396.09,3,8,154,1786.51,159,658
2017-11-08,t,175,169,22458.68,2,9,169,2049.40,175,707
2017-11-09,t,191,182,28045.13,5,7,182,2220.23,189,771
2017-11-10,t,165,159,22010.46,2,9,159,2184.08,161,643
2017-11-11,t,159,152,26054.42,5,7,152,2181.13,156,639
2017-11-12,t,174,170,25953.39,2,7,170,2203.38,174,721
2017-11-13,t,205,197,28630.29,5,15,197,2652.60,203,839
2017-11-14,t,192,184,30755.36,7,19,184,2879.51,192,762
2017-11-15,t,186,176,26278.57,4,9,176,2283.06,183,729
2017-11-16,t,226,219,32236.16,2,17,219,2985.83,225,947
2017-11-17,t,197,185,33589.38,8,14,185,2521.40,194,761
2017-11-18,t,149,141,26543.38,4,15,141,2041.73,149,596
2017-11-19,t,158,157,23273.60,0,16,157,1889.93,158,678
2017-11-20,t,230,219,49072.99,5,29,219,2957.70,227,888
2017-11-21,t,228,222,38506.59,4,40,222,3078.81,225,909
2017-11-22,t,201,190,28780.67,4,28,190,2735.20,201,768
2017-11-23,t,283,268,49748.15,8,37,268,4322.25,281,1057
2017-11-24,t,1176,1147,175178.46,10,199,1147,19725.46,1166,4349
2017-11-25,t,499,487,70683.26,0,102,487,9467.08,493,1801
2017-11-26,t,391,382,52162.53,4,68,382,6337.19,386,1475
2017-11-27,t,403,395,55887.39,3,72,395,6483.63,400,1493
2017-11-28,t,380,372,55990.30,4,64,371,5757.80,378,1469
2017-11-29,t,323,314,46164.91,5,58,314,5613.21,318,1194
2017-11-30,t,267,260,36079.22,3,26,260,4156.80,265,1048
2017-12-01,t,275,267,44851.78,1,29,267,4408.82,275,1077
2017-12-02,t,216,212,35241.12,2,25,212,3539.02,214,825
2017-12-03,t,234,227,33702.97,3,24,227,3410.64,233,900
2017-12-04,t,337,322,51721.88,7,42,322,5062.46,331,1295
2017-12-05,t,282,269,39049.39,5,29,269,4180.15,280,1107
2017-12-06,t,280,269,44917.87,7,27,269,4471.87,273,1089
2017-12-07,t,229,223,32437.08,3,22,223,3595.02,228,907
2017-12-08,t,219,210,33204.45,4,24,210,3540.20,215,837
2017-12-09,t,155,154,23321.18,0,12,154,2697.66,153,609
2017-12-10,t,190,184,27627.43,3,13,184,2745.46,187,757
2017-12-11,t,267,262,38433.88,1,14,262,4036.87,263,1049
2017-12-12,t,260,251,37772.83,2,23,251,3837.81,257,1005
2017-12-13,t,218,215,33706.35,1,9,215,3033.41,218,864
2017-12-14,t,200,195,29203.30,1,11,195,3032.16,197,792
2017-12-15,t,192,185,30506.85,0,10,185,2994.67,191,760
2017-12-16,t,131,129,22701.57,0,6,129,2033.78,128,531
2017-12-17,t,133,130,21775.65,0,4,130,1698.25,133,551
2017-12-18,t,209,205,33366.81,1,12,205,3021.87,209,870
2017-12-19,t,176,173,23852.04,2,12,173,2495.18,174,741
2017-12-20,t,171,168,30531.40,0,9,168,2703.90,168,676
2017-12-21,t,143,140,21091.47,1,8,140,2000.88,142,578
2017-12-22,t,111,108,16417.62,1,5,108,1714.96,111,458
2017-12-23,t,109,101,13952.56,2,12,101,1755.14,106,419
2017-12-24,t,59,57,6653.69,1,0,57,668.52,58,244
2017-12-25,t,90,86,12059.38,0,6,86,1285.77,89,363
2017-12-26,t,168,165,23271.06,0,4,165,2045.13,168,709
2017-12-27,t,167,164,20625.70,1,4,164,2226.63,166,706
2017-12-28,t,146,143,17346.70,0,7,143,2127.13,143,595
2017-12-29,t,135,132,18620.09,2,4,132,2014.52,134,557
2017-12-30,t,97,96,15189.49,1,3,96,1523.05,95,378
2017-12-31,t,74,71,9924.70,1,1,71,971.05,73,299
2018-01-01,t,74,72,8245.67,1,3,72,913.37,74,297
2018-01-02,t,204,200,28935.99,1,3,200,2413.13,202,828
2018-01-03,t,225,219,35871.97,4,8,219,2988.27,221,903
2018-01-04,t,258,248,39116.62,3,13,248,3483.46,257,1051
2018-01-05,t,210,197,30206.50,1,9,197,2934.86,208,839
2018-01-06,t,216,213,32447.81,1,5,213,3261.52,212,853
2018-01-07,t,196,192,32749.23,1,4,192,2429.81,195,809
2018-01-08,t,293,287,43919.46,1,9,287,3697.16,290,1193
2018-01-09,t,252,246,34945.58,1,9,246,3319.06,251,1040
2018-01-10,t,277,271,43639.98,0,16,271,4095.40,273,1116
2018-01-11,t,266,260,45848.38,2,7,260,3669.35,265,1104
2018-01-12,t,243,234,35877.31,4,10,234,3463.44,241,942
2018-01-13,t,219,211,31861.11,3,5,211,2816.04,217,902
2018-01-14,t,235,229,34945.43,3,13,229,3053.32,233,941
2018-01-15,t,307,300,44181.93,2,15,300,3922.77,303,1238
2018-01-16,t,302,296,48922.60,1,22,296,4040.49,301,1183
2018-01-17,t,282,277,41245.28,0,14,277,3656.27,281,1152
2018-01-18,t,241,236,32638.34,3,14,236,3285.22,240,972
2018-01-19,t,235,225,32189.14,3,18,225,3348.97,232,882
2018-01-20,t,184,182,26659.09,1,16,182,2740.65,178,748
2018-01-21,t,199,188,25626.30,6,17,188,2717.15,194,763
2018-01-22,t,314,305,42926.40,5,23,305,3905.60,312,1220
2018-01-23,t,262,256,39498.86,2,22,256,3578.81,258,1064
2018-01-24,t,244,236,35946.84,4,30,236,3873.53,241,941
2018-01-25,t,233,226,33729.66,3,13,226,3375.49,232,925
2018-01-26,t,229,223,38732.83,4,13,223,3144.59,229,903
2018-01-27,t,153,150,24564.62,3,7,150,2083.46,152,609
2018-01-28,t,156,149,25641.23,4,6,149,1952.98,154,648
2018-01-29,t,246,242,35422.02,4,23,242,3835.44,242,959
2018-01-30,t,258,248,34174.42,7,25,248,3889.20,257,1007
2018-01-31,t,256,251,37176.86,4,11,251,3646.36,256,1068
2018-02-01,t,232,227,35169.75,4,12,227,3383.09,231,953
2018-02-02,t,212,207,31558.69,4,16,207,3535.79,212,819
2018-02-03,t,193,189,26740.48,3,7,189,3194.13,190,800
2018-02-04,t,201,197,27642.05,1,7,197,2914.33,200,821
2018-02-05,t,271,265,41183.28,5,21,265,4396.06,269,1077
2018-02-06,t,268,262,39158.65,2,14,262,4027.95,266,1031
2018-02-07,t,248,242,35838.49,5,15,242,3753.84,244,996
2018-02-08,t,230,225,31527.54,5,23,225,3905.15,227,895
2018-02-09,t,216,208,34627.50,7,23,208,3796.40,214,850
2018-02-10,t,179,174,24332.26,4,14,174,2888.51,179,711
2018-02-11,t,172,165,25356.65,3,22,165,2774.78,172,619
2018-02-12,t,218,214,27536.86,4,31,214,3603.22,217,811
2018-02-13,t,224,217,27425.08,4,25,217,3212.08,223,868
2018-02-14,t,295,287,42700.67,5,30,287,4353.82,293,1195
2018-02-15,t,283,270,36727.52,7,37,270,4345.79,281,1054
2018-02-16,t,214,210,31415.46,2,28,210,3497.10,213,796
2018-02-17,t,204,198,29049.53,5,25,198,3425.15,201,773
2018-02-18,t,202,199,28538.12,2,29,199,3182.66,200,787
2018-02-19,t,259,251,32947.12,4,44,251,3941.53,256,1000
2018-02-20,t,289,283,42180.21,4,34,283,4224.41,288,1110
2018-02-21,t,266,260,36890.27,5,52,260,4361.22,260,1003
2018-02-22,t,279,268,35576.60,5,53,268,4734.58,277,985
2018-02-23,t,235,232,32866.43,0,43,232,4444.42,232,878
2018-02-24,t,191,188,27999.58,2,47,188,4005.10,190,703
2018-02-25,t,237,231,33900.74,1,53,231,4370.84,235,830
2018-02-26,t,299,290,49657.05,6,79,290,5676.86,294,1016
2018-02-27,t,298,293,46614.43,2,73,293,5572.57,296,1020
2018-02-28,t,313,303,51007.40,2,69,303,5553.95,312,1124
2018-03-01,t,277,268,45237.19,5,71,268,4910.57,274,961
2018-03-02,t,266,262,36904.02,1,79,262,5258.91,264,914
2018-03-03,t,214,205,30780.48,5,55,205,3984.06,211,764
2018-03-04,t,236,228,35533.63,1,61,228,4342.66,235,836
2018-03-05,t,264,252,43688.23,5,67,252,4557.58,259,877
2018-03-06,t,271,268,44866.10,0,74,268,4869.50,271,951
2018-03-07,t,259,254,41584.00,1,66,254,4706.07,253,921
2018-03-08,t,234,227,33059.59,1,49,227,3863.70,233,864
2018-03-09,t,204,197,32245.93,1,42,197,3687.77,203,724
2018-03-10,t,193,185,29695.97,2,43,185,3548.09,189,668
2018-03-11,t,218,215,36317.38,0,55,215,3736.19,217,785
2018-03-12,t,232,228,35245.43,0,65,228,4163.47,225,838
2018-03-13,t,227,217,40303.20,1,46,217,3627.86,223,818
2018-03-14,t,199,195,27150.51,1,45,195,3350.67,197,724
2018-03-15,t,290,272,48505.73,4,59,272,4600.89,288,1047
2018-03-16,t,252,242,37682.10,0,46,242,3981.38,250,881
2018-03-17,t,180,176,23539.64,0,35,176,3052.52,180,693
2018-03-18,t,215,211,35452.60,0,29,211,3085.88,213,860
2018-03-19,t,303,293,51174.55,2,50,293,4315.35,300,1136
2018-03-20,t,297,292,42122.05,2,40,292,4079.07,297,1180
2018-03-21,t,286,277,45667.68,2,27,277,3711.15,285,1159
2018-03-22,t,254,249,36150.42,0,28,249,3480.05,252,970
2018-03-23,t,221,209,31492.42,2,13,209,2756.89,221,888
2018-03-24,t,165,163,27433.67,0,16,163,2278.01,164,660
2018-03-25,t,190,188,29948.34,0,24,188,2632.52,189,743
2018-03-26,t,272,266,41107.03,2,31,266,3634.82,270,1098
2018-03-27,t,245,239,39307.06,1,25,239,3249.27,242,999
2018-03-28,t,220,210,31423.56,2,21,210,3005.27,220,850
2018-03-29,t,194,188,32832.21,1,23,188,3025.27,193,720
2018-03-30,t,165,163,25993.33,0,19,163,2434.79,163,647
2018-03-31,t,168,164,28154.19,1,24,164,2228.42,167,650
2018-04-01,t,207,201,33208.59,0,16,201,2303.61,207,813
2018-04-02,t,282,274,46569.04,2,38,274,3464.84,276,1134
2018-04-03,t,247,243,41790.84,1,22,243,3029.72,245,1018
2018-04-04,t,257,252,42190.71,0,15,252,2882.08,256,1036
2018-04-05,t,266,261,41827.62,0,11,261,2985.47,263,1133
2018-04-06,t,189,181,30713.49,1,5,181,2125.61,189,749
2018-04-07,t,164,161,28285.12,0,7,161,1994.60,164,667
2018-04-08,t,185,183,27502.17,0,10,183,2039.27,185,761
2018-04-09,t,253,250,55344.94,0,11,250,2649.56,251,1082
2018-04-10,t,201,196,31879.44,0,9,196,2258.50,196,794
2018-04-11,t,274,262,44426.53,0,10,262,2893.57,269,1118
2018-04-12,t,255,253,39744.35,0,7,253,3145.97,251,1059
2018-04-13,t,202,197,34785.48,3,4,197,2445.21,201,834
2018-04-14,t,146,145,22305.81,0,6,145,1895.36,145,582
2018-04-15,t,223,219,36145.24,0,7,219,2340.22,221,908
2018-04-16,t,280,276,46876.41,1,10,276,3146.93,280,1176
2018-04-17,t,266,258,39357.92,2,11,258,3008.69,263,1109
2018-04-18,t,280,271,44845.56,0,17,271,3291.78,279,1151
2018-04-19,t,293,287,49231.16,3,8,287,3471.73,292,1217
2018-04-20,t,197,192,31389.13,1,3,192,2241.80,196,820
2018-04-21,t,156,154,22309.62,0,6,154,1665.92,156,659
2018-04-22,t,200,199,31803.79,0,5,199,1975.41,199,835
2018-04-23,t,285,283,43741.63,0,11,283,3002.96,283,1180
2018-04-24,t,271,265,48920.64,1,5,265,2899.46,268,1117
2018-04-25,t,284,279,46862.91,1,8,279,3092.06,283,1204
2018-04-26,t,254,250,36424.31,1,9,250,2839.17,253,1098
2018-04-27,t,242,237,45325.99,1,11,237,2858.19,241,1012
2018-04-28,t,169,166,25846.43,1,9,166,1954.08,164,668
2018-04-29,t,171,168,22756.58,1,10,168,1871.71,169,687
2018-04-30,t,240,235,40467.48,0,5,235,2397.95,238,1027
2018-05-01,t,256,252,37911.35,2,9,252,2555.10,256,1062
2018-05-02,t,296,287,42472.00,1,16,287,3113.91,294,1262
2018-05-03,t,305,300,47935.10,1,10,300,3237.53,304,1311
2018-05-04,t,265,262,44708.27,0,7,262,2969.96,262,1126
2018-05-05,t,197,192,32029.90,2,10,192,2076.72,195,795
2018-05-06,t,211,206,32174.89,2,8,206,2124.51,210,861
2018-05-07,t,372,363,60805.36,3,21,363,3679.58,369,1570
2018-05-08,t,331,323,53989.69,4,16,323,3139.72,330,1398
2018-05-09,t,344,335,49598.24,3,24,335,3633.98,342,1425
2018-05-10,t,279,273,56936.61,1,18,273,3038.96,278,1164
2018-05-11,t,247,244,43139.65,1,23,244,2861.79,245,1014
2018-05-12,t,207,200,33775.16,3,13,200,2263.88,207,840
2018-05-13,t,207,205,36076.26,1,10,205,2032.15,207,860
2018-05-14,t,364,355,60753.87,1,40,355,3605.59,363,1513
2018-05-15,t,352,348,49218.01,1,38,348,3713.54,350,1470
2018-05-16,t,357,351,63957.96,1,43,351,4315.98,354,1467
2018-05-17,t,228,224,35328.37,2,36,224,3115.74,227,922
2018-05-18,t,236,232,35661.18,0,26,232,3186.14,236,960
2018-05-19,t,139,137,28140.17,1,14,137,1895.45,139,569
2018-05-20,t,161,158,22624.45,1,22,158,2176.98,161,636
2018-05-21,t,206,199,28743.66,5,20,199,2677.83,203,833
2018-05-22,t,199,195,31382.44,2,12,195,2328.61,197,817
2018-05-23,t,132,132,20262.29,0,3,132,1538.43,132,573
2018-05-24,t,114,113,22206.44,0,1,113,1230.03,112,498
2018-05-25,t,104,103,18137.37,1,1,103,1279.69,104,459
2018-05-26,t,99,99,16914.09,0,1,99,1291.93,98,427
2018-05-27,t,100,100,14693.68,0,0,100,1353.13,100,417
2018-05-28,t,143,142,30114.99,1,0,142,1610.10,143,623
2018-05-29,t,149,149,29430.63,0,0,149,1687.86,149,644
2018-05-30,t,140,138,22279.18,0,0,138,1804.93,139,601
2018-05-31,t,133,132,27373.26,0,1,132,1527.19,133,567
2018-06-01,t,184,184,37282.67,0,2,184,2237.04,184,762
2018-06-02,t,142,141,28870.67,0,1,141,1741.01,142,597
2018-06-03,t,192,189,32375.80,1,0,189,1762.35,189,803
2018-06-04,t,225,222,33866.17,0,0,222,2067.56,225,985
2018-06-05,t,200,196,35864.93,3,2,196,1957.85,200,849
2018-06-06,t,227,227,32176.98,0,3,227,2446.12,227,923
2018-06-07,t,223,223,42676.38,0,1,223,2225.27,221,895
2018-06-08,t,198,195,31031.82,0,6,194,2182.66,198,818
2018-06-09,t,172,169,33831.90,0,2,169,1786.99,171,742
2018-06-10,t,193,190,30117.30,2,4,190,1760.99,193,796
2018-06-11,t,294,294,57313.28,0,9,294,2728.16,293,1262
2018-06-12,t,246,244,46630.26,0,8,244,2168.43,244,1039
2018-06-13,t,259,253,40557.09,1,3,253,2224.59,259,1088
2018-06-14,t,212,211,32553.16,0,1,211,1951.32,212,947
2018-06-15,t,186,182,31134.14,1,2,182,1830.52,186,788
2018-06-16,t,165,162,28607.93,0,1,162,1529.11,164,707
2018-06-17,t,152,151,20657.67,0,2,151,1186.04,152,674
2018-06-18,t,246,243,39769.34,1,2,243,1824.99,246,1106
2018-06-19,t,231,228,39427.64,2,3,228,1949.36,231,1017
2018-06-20,t,217,216,34251.51,1,0,215,1821.41,217,933
2018-06-21,t,234,232,33152.97,0,4,232,2159.74,232,984
2018-06-22,t,179,177,28484.58,0,1,177,1645.32,176,758
2018-06-23,t,151,149,21043.65,1,1,149,1351.35,150,634
2018-06-24,t,199,198,29291.60,1,3,198,1490.85,198,873
2018-06-25,t,241,238,41024.31,2,3,238,1732.75,240,1046
2018-06-26,t,243,238,36970.52,3,0,238,1945.27,242,1028
2018-06-27,t,215,214,32505.93,1,2,213,1885.98,212,932
2018-06-28,t,243,239,37148.28,1,3,239,2055.90,240,1021
2018-06-29,t,174,171,24857.31,1,2,171,1580.51,173,732
2018-06-30,t,124,123,18502.50,0,0,123,1093.09,124,529
2018-07-01,t,161,159,28512.39,0,0,156,1189.12,161,692
2018-07-02,t,195,193,29113.41,2,1,193,1435.77,194,869
2018-07-03,t,216,214,31209.77,1,5,214,1736.64,216,961
2018-07-04,t,256,251,41009.49,2,3,251,1896.57,252,1093
2018-07-05,t,195,193,33574.03,1,3,193,1781.82,195,795
2018-07-06,t,121,120,21828.25,0,2,120,1167.60,120,530
2018-07-07,t,91,89,10942.08,0,0,89,814.61,91,407
2018-07-08,t,122,118,17107.24,2,3,118,1209.16,119,488
2018-07-09,t,148,146,22894.00,0,8,146,1405.06,145,625
2018-07-10,t,134,129,21572.53,2,7,129,1220.88,133,548
2018-07-11,t,127,123,21278.72,1,10,123,1470.22,127,507
2018-07-12,t,124,117,22767.58,6,9,117,1467.33,124,490
2018-07-13,t,168,167,32529.40,1,3,167,2037.21,166,683
2018-07-14,t,148,142,25593.41,2,7,142,1672.43,145,624
2018-07-15,t,152,148,33876.60,1,8,148,1676.87,152,618
2018-07-16,t,245,238,36252.97,2,10,238,2256.07,244,1031
2018-07-17,t,221,216,34775.59,2,12,216,2076.56,219,920
2018-07-18,t,307,302,48588.05,2,6,302,2646.54,306,1371
2018-07-19,t,253,249,44557.38,0,5,249,2255.02,249,1034
2018-07-20,t,250,247,37905.62,3,8,247,2311.49,247,1027
2018-07-21,t,187,184,25123.69,2,4,184,1660.40,186,827
2018-07-22,t,215,213,30939.74,1,4,213,1679.63,215,939
2018-07-23,t,307,298,47195.40,3,13,298,2425.63,306,1307
2018-07-24,t,271,264,46345.99,1,6,264,2105.00,266,1148
2018-07-25,t,268,264,47594.66,1,8,264,2249.77,267,1160
2018-07-26,t,247,244,41183.96,2,5,244,2000.67,246,1064
2018-07-27,t,189,186,33017.34,0,4,186,1721.84,188,792
2018-07-28,t,176,172,29350.49,1,1,172,1510.89,176,744
2018-07-29,t,188,182,34233.33,4,7,182,1382.38,187,808
2018-07-30,t,288,278,44165.91,8,26,278,2231.10,286,1184
2018-07-31,t,322,313,52768.26,6,20,313,2455.01,319,1345
2018-08-01,t,311,306,48066.12,3,29,306,2735.80,308,1281
2018-08-02,t,302,292,44848.39,4,34,292,2689.90,299,1216
2018-08-03,t,314,308,48819.74,2,29,308,2962.40,313,1275
2018-08-04,t,245,236,40237.94,3,19,236,2129.89,244,1018
2018-08-05,t,276,269,41282.34,2,27,269,2139.77,275,1164
2018-08-06,t,372,363,62728.22,4,48,363,3081.55,372,1552
2018-08-07,t,370,353,55638.22,9,51,353,2934.31,368,1488
2018-08-08,t,316,310,50372.35,2,21,310,2556.69,315,1326
2018-08-09,t,289,280,46295.40,6,19,280,2393.10,289,1237
2018-08-10,t,256,249,38944.43,4,15,249,2346.41,255,1056
2018-08-11,t,188,185,30511.59,2,5,185,1589.13,187,797
2018-08-12,t,197,191,34260.37,0,6,191,1488.17,197,841
2018-08-13,t,292,284,45431.41,5,10,284,2148.15,290,1270
2018-08-14,t,316,311,51138.50,4,22,311,2431.79,316,1328
2018-08-15,t,288,282,52083.75,5,14,282,2175.44,285,1228
2018-08-16,t,320,316,41691.66,4,10,316,2452.48,318,1392
2018-08-17,t,257,249,36948.71,3,5,249,1979.98,254,1115
2018-08-18,t,198,193,28475.76,2,3,193,1452.23,197,851
2018-08-19,t,204,204,29966.50,0,3,204,1391.62,204,907
2018-08-20,t,256,251,39075.89,4,9,251,1493.21,255,1138
2018-08-21,t,243,238,30773.19,4,9,238,1351.96,243,1071
2018-08-22,t,187,185,24203.62,1,2,185,1077.94,187,825
2018-08-23,f,144,142,19540.56,2,1,142,798.84,144,635
2018-08-24,f,99,96,11090.53,2,2,96,511.25,99,415
2018-08-25,f,69,69,11737.76,0,0,69,297.62,69,307
2018-08-26,f,73,73,9333.16,0,0,73,247.09,73,325
2018-08-27,f,67,66,6111.61,1,0,66,165.78,66,292
2018-08-28,f,44,39,4121.22,5,0,39,74.04,44,180
2018-08-29,f,14,11,1762.70,3,0,11,14.17,14,55
2018-08-30,f,4,0,0,4,0,0,0,4,11
2018-08-31,f,1,0,0,1,0,0,0,1,5
