month_start,placed,approved,shipped,delivered,delivered_on_time,on_time_and_happy
2017-01-01,800,797,764,748,726,586
2017-02-01,1780,1766,1662,1641,1592,1282
2017-03-01,2682,2680,2591,2546,2430,1978
2017-04-01,2404,2400,2352,2303,2152,1744
2017-05-01,3700,3691,3600,3545,3439,2806
2017-06-01,3245,3241,3182,3135,3040,2475
2017-07-01,4026,4021,3928,3872,3764,3101
2017-08-01,4331,4325,4234,4193,4071,3442
2017-09-01,4285,4281,4187,4149,3968,3325
2017-10-01,4631,4626,4511,4478,4291,3524
2017-11-01,7544,7535,7361,7289,6384,5139
2017-12-01,5673,5666,5571,5513,5102,4128
2018-01-01,7269,7268,7169,7069,6666,5321
2018-02-01,6728,6724,6653,6555,5629,4474
2018-03-01,7211,7208,7138,7003,5675,4556
2018-04-01,6939,6939,6897,6798,6492,5376
2018-05-01,6873,6872,6803,6749,6306,5292
2018-06-01,6167,6167,6142,6099,6025,5040
2018-07-01,6292,6291,6219,6159,5948,5024
2018-08-01,6512,6459,6398,6351,5958,5109
