month_start,main_payment_type,customer_state,orders,revenue
2017-01-01,boleto,BA,4,363.86
2017-01-01,boleto,DF,3,377.32
2017-01-01,boleto,ES,3,115.79
2017-01-01,boleto,GO,5,764.24
2017-01-01,boleto,MA,4,448.67
2017-01-01,boleto,MG,16,1898.62
2017-01-01,boleto,MT,1,36.99
2017-01-01,boleto,PA,4,678.09
2017-01-01,boleto,PB,1,378.61
2017-01-01,boleto,PE,2,230.90
2017-01-01,boleto,PI,1,69.94
2017-01-01,boleto,PR,39,1519.84
2017-01-01,boleto,RJ,22,2316.01
2017-01-01,boleto,RO,1,125.09
2017-01-01,boleto,RS,16,2099.43
2017-01-01,boleto,SC,7,1278.42
2017-01-01,boleto,SE,2,255.61
2017-01-01,boleto,SP,65,9306.58
2017-01-01,boleto,TO,1,374.28
2017-01-01,credit_card,AC,2,723.14
2017-01-01,credit_card,AL,2,454.36
2017-01-01,credit_card,BA,20,3801.09
2017-01-01,credit_card,CE,9,1085.13
2017-01-01,credit_card,DF,10,1727.43
2017-01-01,credit_card,ES,8,827.03
2017-01-01,credit_card,GO,13,3894.05
2017-01-01,credit_card,MA,5,267.80
2017-01-01,credit_card,MG,87,15583.02
2017-01-01,credit_card,MS,1,170.36
2017-01-01,credit_card,MT,10,1885.80
2017-01-01,credit_card,PA,7,800.09
2017-01-01,credit_card,PB,1,84.52
2017-01-01,credit_card,PE,7,1921.03
2017-01-01,credit_card,PI,6,1384.04
2017-01-01,credit_card,PR,24,4322.75
2017-01-01,credit_card,RJ,68,10569.23
2017-01-01,credit_card,RN,4,601.42
2017-01-01,credit_card,RO,2,700.42
2017-01-01,credit_card,RS,34,10506.74
2017-01-01,credit_card,SC,22,3760.07
2017-01-01,credit_card,SE,2,126.17
2017-01-01,credit_card,SP,220,33961.00
2017-01-01,credit_card,TO,1,302.58
2017-01-01,debit_card,MG,1,65.05
2017-01-01,debit_card,PR,2,142.41
2017-01-01,debit_card,RJ,1,138.49
2017-01-01,debit_card,RS,1,108.60
2017-01-01,debit_card,SC,1,139.59
2017-01-01,debit_card,SP,3,149.39
2017-01-01,voucher,BA,1,160.42
2017-01-01,voucher,ES,1,67.96
2017-01-01,voucher,MG,4,498.54
2017-01-01,voucher,PA,1,44.74
2017-01-01,voucher,RJ,6,979.00
2017-01-01,voucher,RN,1,666.71
2017-01-01,voucher,RS,3,425.17
2017-01-01,voucher,SC,1,377.53
2017-01-01,voucher,SP,11,1421.21
2017-02-01,boleto,AL,1,378.09
2017-02-01,boleto,AP,1,383.05
2017-02-01,boleto,BA,13,1618.47
2017-02-01,boleto,CE,6,755.59
2017-02-01,boleto,DF,9,1393.82
2017-02-01,boleto,ES,5,795.37
2017-02-01,boleto,GO,13,1437.56
2017-02-01,boleto,MA,6,529.35
2017-02-01,boleto,MG,66,6240.81
2017-02-01,boleto,MS,2,114.11
2017-02-01,boleto,MT,5,1829.71
2017-02-01,boleto,PA,6,954.65
2017-02-01,boleto,PB,3,488.26
2017-02-01,boleto,PE,6,901.44
2017-02-01,boleto,PI,1,0
2017-02-01,boleto,PR,17,3214.24
2017-02-01,boleto,RJ,46,7224.13
2017-02-01,boleto,RO,3,789.75
2017-02-01,boleto,RS,29,4641.81
2017-02-01,boleto,SC,16,1250.81
2017-02-01,boleto,SE,2,257.38
2017-02-01,boleto,SP,142,19073.00
2017-02-01,credit_card,AC,3,597.40
2017-02-01,credit_card,AL,10,2447.45
2017-02-01,credit_card,AM,8,1122.54
2017-02-01,credit_card,AP,1,324.15
2017-02-01,credit_card,BA,41,6372.33
2017-02-01,credit_card,CE,7,1727.94
2017-02-01,credit_card,DF,15,8972.78
2017-02-01,credit_card,ES,29,3795.34
2017-02-01,credit_card,GO,14,1417.98
2017-02-01,credit_card,MA,5,665.88
2017-02-01,credit_card,MG,184,26526.83
2017-02-01,credit_card,MS,8,7747.79
2017-02-01,credit_card,MT,12,1753.65
2017-02-01,credit_card,PA,19,9650.05
2017-02-01,credit_card,PB,7,1312.03
2017-02-01,credit_card,PE,13,2388.74
2017-02-01,credit_card,PI,11,3505.07
2017-02-01,credit_card,PR,98,17232.89
2017-02-01,credit_card,RJ,194,26604.32
2017-02-01,credit_card,RN,8,648.61
2017-02-01,credit_card,RO,7,951.47
2017-02-01,credit_card,RR,2,108.74
2017-02-01,credit_card,RS,75,12673.40
2017-02-01,credit_card,SC,42,5810.36
2017-02-01,credit_card,SE,8,2056.41
2017-02-01,credit_card,SP,486,62611.08
2017-02-01,credit_card,TO,7,939.55
2017-02-01,debit_card,RJ,3,295.25
2017-02-01,debit_card,RO,1,96.65
2017-02-01,debit_card,RS,1,76.24
2017-02-01,debit_card,SP,8,1042.18
2017-02-01,voucher,AL,1,142.33
2017-02-01,voucher,BA,5,526.67
2017-02-01,voucher,MG,9,1150.56
2017-02-01,voucher,MS,1,49.04
2017-02-01,voucher,PB,2,448.02
2017-02-01,voucher,PE,2,29.84
2017-02-01,voucher,PR,3,165.57
2017-02-01,voucher,RJ,11,1135.06
2017-02-01,voucher,SC,1,44.51
2017-02-01,voucher,SE,2,91.19
2017-02-01,voucher,SP,18,1710.03
2017-03-01,boleto,AL,4,529.88
2017-03-01,boleto,BA,17,4560.78
2017-03-01,boleto,CE,7,1092.48
2017-03-01,boleto,DF,11,455.91
2017-03-01,boleto,ES,12,1234.72
2017-03-01,boleto,GO,13,2325.80
2017-03-01,boleto,MA,11,1629.55
2017-03-01,boleto,MG,87,10136.17
2017-03-01,boleto,MS,6,453.82
2017-03-01,boleto,MT,6,1382.73
2017-03-01,boleto,PA,7,1369.71
2017-03-01,boleto,PB,1,99.32
2017-03-01,boleto,PE,12,1003.38
2017-03-01,boleto,PI,2,204.95
2017-03-01,boleto,PR,26,2991.36
2017-03-01,boleto,RJ,69,8499.86
2017-03-01,boleto,RN,4,452.46
2017-03-01,boleto,RO,4,669.79
2017-03-01,boleto,RR,1,63.96
2017-03-01,boleto,RS,37,3980.60
2017-03-01,boleto,SC,29,3513.63
2017-03-01,boleto,SE,7,531.81
2017-03-01,boleto,SP,213,28565.56
2017-03-01,boleto,TO,4,246.78
2017-03-01,credit_card,AC,2,530.18
2017-03-01,credit_card,AL,6,891.62
2017-03-01,credit_card,AM,5,793.39
2017-03-01,credit_card,AP,3,412.89
2017-03-01,credit_card,BA,68,13079.47
2017-03-01,credit_card,CE,21,6066.36
2017-03-01,credit_card,DF,44,7421.45
2017-03-01,credit_card,ES,36,4696.09
2017-03-01,credit_card,GO,40,7373.23
2017-03-01,credit_card,MA,13,1092.60
2017-03-01,credit_card,MG,250,36429.78
2017-03-01,credit_card,MS,14,6539.08
2017-03-01,credit_card,MT,9,944.00
2017-03-01,credit_card,PA,28,7618.71
2017-03-01,credit_card,PB,15,4837.09
2017-03-01,credit_card,PE,30,5302.39
2017-03-01,credit_card,PI,11,2431.80
2017-03-01,credit_card,PR,90,13003.45
2017-03-01,credit_card,RJ,304,50065.90
2017-03-01,credit_card,RN,9,1652.14
2017-03-01,credit_card,RO,12,1853.89
2017-03-01,credit_card,RR,1,266.85
2017-03-01,credit_card,RS,112,18874.52
2017-03-01,credit_card,SC,78,16548.77
2017-03-01,credit_card,SE,16,2409.33
2017-03-01,credit_card,SP,741,113757.49
2017-03-01,credit_card,TO,3,521.66
2017-03-01,debit_card,BA,3,428.74
2017-03-01,debit_card,MG,5,555.20
2017-03-01,debit_card,MT,1,375.82
2017-03-01,debit_card,PE,1,0
2017-03-01,debit_card,PR,2,229.84
2017-03-01,debit_card,RJ,5,523.29
2017-03-01,debit_card,SC,1,51.42
2017-03-01,debit_card,SP,13,1346.02
2017-03-01,voucher,BA,3,245.26
2017-03-01,voucher,DF,2,79.93
2017-03-01,voucher,MG,16,1372.71
2017-03-01,voucher,PA,1,84.32
2017-03-01,voucher,PE,2,213.61
2017-03-01,voucher,PR,9,751.55
2017-03-01,voucher,RJ,17,2220.46
2017-03-01,voucher,RS,2,88.91
2017-03-01,voucher,SC,2,151.87
2017-03-01,voucher,SE,2,180.37
2017-03-01,voucher,SP,43,3988.72
2017-03-01,voucher,TO,1,33.77
2017-04-01,boleto,AL,3,619.10
2017-04-01,boleto,BA,18,4244.58
2017-04-01,boleto,CE,3,154.32
2017-04-01,boleto,DF,10,1159.35
2017-04-01,boleto,ES,7,697.13
2017-04-01,boleto,GO,9,1254.17
2017-04-01,boleto,MA,8,988.55
2017-04-01,boleto,MG,44,5569.99
2017-04-01,boleto,MS,6,558.40
2017-04-01,boleto,MT,7,517.26
2017-04-01,boleto,PA,5,1082.23
2017-04-01,boleto,PB,8,1459.10
2017-04-01,boleto,PE,6,846.76
2017-04-01,boleto,PI,1,38.82
2017-04-01,boleto,PR,29,5145.37
2017-04-01,boleto,RJ,69,10626.95
2017-04-01,boleto,RN,3,427.64
2017-04-01,boleto,RO,2,44.83
2017-04-01,boleto,RR,1,47.92
2017-04-01,boleto,RS,37,4828.50
2017-04-01,boleto,SC,31,3283.62
2017-04-01,boleto,SE,4,396.98
2017-04-01,boleto,SP,183,26736.89
2017-04-01,boleto,TO,2,446.59
2017-04-01,credit_card,AC,5,1351.51
2017-04-01,credit_card,AL,19,4235.43
2017-04-01,credit_card,AM,13,1176.23
2017-04-01,credit_card,BA,72,15843.10
2017-04-01,credit_card,CE,36,6491.72
2017-04-01,credit_card,DF,25,7391.33
2017-04-01,credit_card,ES,37,5593.58
2017-04-01,credit_card,GO,32,5092.30
2017-04-01,credit_card,MA,18,2660.48
2017-04-01,credit_card,MG,221,38747.04
2017-04-01,credit_card,MS,9,1650.04
2017-04-01,credit_card,MT,18,3438.60
2017-04-01,credit_card,PA,28,4651.05
2017-04-01,credit_card,PB,12,2103.58
2017-04-01,credit_card,PE,32,3674.97
2017-04-01,credit_card,PI,12,2409.86
2017-04-01,credit_card,PR,79,12135.52
2017-04-01,credit_card,RJ,252,52014.32
2017-04-01,credit_card,RN,6,992.82
2017-04-01,credit_card,RO,7,997.63
2017-04-01,credit_card,RR,1,58.97
2017-04-01,credit_card,RS,97,12878.77
2017-04-01,credit_card,SC,71,9786.31
2017-04-01,credit_card,SE,9,2943.09
2017-04-01,credit_card,SP,668,105565.31
2017-04-01,credit_card,TO,11,2645.41
2017-04-01,debit_card,MG,1,0
2017-04-01,debit_card,PR,1,182.94
2017-04-01,debit_card,RJ,4,159.35
2017-04-01,debit_card,SC,1,115.90
2017-04-01,debit_card,SP,19,1851.63
2017-04-01,debit_card,TO,1,347.89
2017-04-01,voucher,AL,1,315.40
2017-04-01,voucher,BA,3,297.72
2017-04-01,voucher,CE,4,278.75
2017-04-01,voucher,ES,2,90.99
2017-04-01,voucher,MA,1,115.02
2017-04-01,voucher,MG,9,590.09
2017-04-01,voucher,MT,2,35.70
2017-04-01,voucher,PA,3,374.93
2017-04-01,voucher,PE,2,98.51
2017-04-01,voucher,PR,5,523.11
2017-04-01,voucher,RJ,13,1116.47
2017-04-01,voucher,RN,1,144.79
2017-04-01,voucher,RS,5,1755.38
2017-04-01,voucher,SC,2,138.36
2017-04-01,voucher,SP,38,4575.45
2017-05-01,boleto,AC,2,916.54
2017-05-01,boleto,AL,5,613.13
2017-05-01,boleto,AM,2,362.54
2017-05-01,boleto,AP,3,798.91
2017-05-01,boleto,BA,21,2916.18
2017-05-01,boleto,CE,14,2484.57
2017-05-01,boleto,DF,15,1438.98
2017-05-01,boleto,ES,16,2277.99
2017-05-01,boleto,GO,25,6690.39
2017-05-01,boleto,MA,15,2064.51
2017-05-01,boleto,MG,82,12024.45
2017-05-01,boleto,MS,3,452.90
2017-05-01,boleto,MT,8,2295.66
2017-05-01,boleto,PA,5,414.31
2017-05-01,boleto,PB,1,42.83
2017-05-01,boleto,PE,19,4164.73
2017-05-01,boleto,PI,8,2800.14
2017-05-01,boleto,PR,53,8955.88
2017-05-01,boleto,RJ,70,12517.85
2017-05-01,boleto,RN,2,935.93
2017-05-01,boleto,RO,4,333.90
2017-05-01,boleto,RS,50,6506.23
2017-05-01,boleto,SC,38,7810.20
2017-05-01,boleto,SE,2,197.12
2017-05-01,boleto,SP,304,43858.46
2017-05-01,boleto,TO,5,793.64
2017-05-01,credit_card,AC,5,460.01
2017-05-01,credit_card,AL,22,5021.29
2017-05-01,credit_card,AM,8,881.95
2017-05-01,credit_card,AP,2,588.94
2017-05-01,credit_card,BA,103,16357.34
2017-05-01,credit_card,CE,47,9766.12
2017-05-01,credit_card,DF,46,6675.82
2017-05-01,credit_card,ES,74,11992.17
2017-05-01,credit_card,GO,57,11044.16
2017-05-01,credit_card,MA,17,2051.85
2017-05-01,credit_card,MG,333,44098.54
2017-05-01,credit_card,MS,25,3234.42
2017-05-01,credit_card,MT,26,5112.39
2017-05-01,credit_card,PA,29,5727.12
2017-05-01,credit_card,PB,17,3329.66
2017-05-01,credit_card,PE,48,8150.19
2017-05-01,credit_card,PI,16,3766.67
2017-05-01,credit_card,PR,148,25460.26
2017-05-01,credit_card,RJ,399,66047.07
2017-05-01,credit_card,RN,14,4377.79
2017-05-01,credit_card,RO,5,494.98
2017-05-01,credit_card,RR,2,317.97
2017-05-01,credit_card,RS,153,26009.74
2017-05-01,credit_card,SC,107,15986.20
2017-05-01,credit_card,SE,8,825.22
2017-05-01,credit_card,SP,1035,142530.43
2017-05-01,credit_card,TO,13,1808.27
2017-05-01,debit_card,ES,1,59.00
2017-05-01,debit_card,GO,1,148.22
2017-05-01,debit_card,MG,1,29.69
2017-05-01,debit_card,PR,1,367.20
2017-05-01,debit_card,RJ,3,341.62
2017-05-01,debit_card,RS,2,224.81
2017-05-01,debit_card,SC,1,65.00
2017-05-01,debit_card,SP,20,1615.25
2017-05-01,voucher,AC,1,995.18
2017-05-01,voucher,BA,3,262.58
2017-05-01,voucher,CE,1,377.98
2017-05-01,voucher,DF,3,572.45
2017-05-01,voucher,ES,3,329.52
2017-05-01,voucher,GO,4,962.78
2017-05-01,voucher,MA,1,158.29
2017-05-01,voucher,MG,12,1241.78
2017-05-01,voucher,MS,1,35.00
2017-05-01,voucher,MT,3,272.52
2017-05-01,voucher,PA,1,429.27
2017-05-01,voucher,PE,1,115.81
2017-05-01,voucher,PI,1,110.04
2017-05-01,voucher,PR,11,775.66
2017-05-01,voucher,RJ,16,2376.11
2017-05-01,voucher,RN,1,269.15
2017-05-01,voucher,RS,3,276.78
2017-05-01,voucher,SC,6,631.89
2017-05-01,voucher,SE,1,37.19
2017-05-01,voucher,SP,66,6986.09
2017-06-01,boleto,AL,2,262.71
2017-06-01,boleto,AP,1,274.06
2017-06-01,boleto,BA,18,3327.65
2017-06-01,boleto,CE,8,3502.24
2017-06-01,boleto,DF,17,2978.38
2017-06-01,boleto,ES,14,1891.12
2017-06-01,boleto,GO,30,3122.88
2017-06-01,boleto,MA,1,63.15
2017-06-01,boleto,MG,65,8097.85
2017-06-01,boleto,MS,6,684.53
2017-06-01,boleto,MT,8,815.38
2017-06-01,boleto,PA,11,1341.58
2017-06-01,boleto,PB,7,3387.60
2017-06-01,boleto,PE,7,773.71
2017-06-01,boleto,PI,1,66.14
2017-06-01,boleto,PR,46,6604.70
2017-06-01,boleto,RJ,71,11305.38
2017-06-01,boleto,RN,2,192.87
2017-06-01,boleto,RO,2,322.86
2017-06-01,boleto,RR,2,133.30
2017-06-01,boleto,RS,61,7959.53
2017-06-01,boleto,SC,36,3463.89
2017-06-01,boleto,SE,5,1168.33
2017-06-01,boleto,SP,283,42474.72
2017-06-01,boleto,TO,3,1003.92
2017-06-01,credit_card,AC,4,510.27
2017-06-01,credit_card,AL,8,1006.26
2017-06-01,credit_card,AM,1,204.84
2017-06-01,credit_card,AP,1,95.68
2017-06-01,credit_card,BA,81,19160.73
2017-06-01,credit_card,CE,38,7229.68
2017-06-01,credit_card,DF,51,6579.69
2017-06-01,credit_card,ES,64,10164.94
2017-06-01,credit_card,GO,46,7337.20
2017-06-01,credit_card,MA,16,2160.91
2017-06-01,credit_card,MG,284,45031.64
2017-06-01,credit_card,MS,19,3628.28
2017-06-01,credit_card,MT,17,4006.53
2017-06-01,credit_card,PA,24,5092.00
2017-06-01,credit_card,PB,15,3405.35
2017-06-01,credit_card,PE,36,6016.77
2017-06-01,credit_card,PI,13,2560.82
2017-06-01,credit_card,PR,119,18592.44
2017-06-01,credit_card,RJ,320,47769.92
2017-06-01,credit_card,RN,10,1257.92
2017-06-01,credit_card,RO,7,1875.25
2017-06-01,credit_card,RR,1,41.88
2017-06-01,credit_card,RS,152,19740.17
2017-06-01,credit_card,SC,72,10759.84
2017-06-01,credit_card,SE,4,450.90
2017-06-01,credit_card,SP,981,141479.49
2017-06-01,credit_card,TO,5,3437.20
2017-06-01,debit_card,MG,4,495.88
2017-06-01,debit_card,MS,1,85.16
2017-06-01,debit_card,RJ,5,683.09
2017-06-01,debit_card,RS,1,58.58
2017-06-01,debit_card,SC,1,190.35
2017-06-01,debit_card,SP,15,868.33
2017-06-01,voucher,BA,7,384.54
2017-06-01,voucher,CE,1,152.16
2017-06-01,voucher,DF,2,142.28
2017-06-01,voucher,ES,2,287.23
2017-06-01,voucher,GO,3,125.14
2017-06-01,voucher,MG,10,723.88
2017-06-01,voucher,MS,1,44.69
2017-06-01,voucher,PA,3,176.77
2017-06-01,voucher,PB,1,120.04
2017-06-01,voucher,PE,3,317.54
2017-06-01,voucher,PR,5,314.48
2017-06-01,voucher,RJ,16,2108.79
2017-06-01,voucher,RN,1,142.27
2017-06-01,voucher,RO,1,112.95
2017-06-01,voucher,RS,7,509.35
2017-06-01,voucher,SC,7,1108.47
2017-06-01,voucher,SP,52,6083.32
2017-07-01,boleto,AC,3,350.71
2017-07-01,boleto,AL,1,138.15
2017-07-01,boleto,BA,35,4340.70
2017-07-01,boleto,CE,10,1450.87
2017-07-01,boleto,DF,14,1611.93
2017-07-01,boleto,ES,21,2297.31
2017-07-01,boleto,GO,17,2045.64
2017-07-01,boleto,MA,9,1904.79
2017-07-01,boleto,MG,89,11047.03
2017-07-01,boleto,MS,6,935.91
2017-07-01,boleto,MT,11,1433.00
2017-07-01,boleto,PA,12,1434.52
2017-07-01,boleto,PB,8,2595.73
2017-07-01,boleto,PE,9,1731.54
2017-07-01,boleto,PI,3,313.23
2017-07-01,boleto,PR,42,4075.38
2017-07-01,boleto,RJ,103,20552.40
2017-07-01,boleto,RN,6,504.41
2017-07-01,boleto,RO,3,221.99
2017-07-01,boleto,RS,64,7830.25
2017-07-01,boleto,SC,35,3525.33
2017-07-01,boleto,SE,5,608.51
2017-07-01,boleto,SP,339,40763.86
2017-07-01,credit_card,AC,2,443.69
2017-07-01,credit_card,AL,16,2701.42
2017-07-01,credit_card,AM,5,951.40
2017-07-01,credit_card,AP,1,292.39
2017-07-01,credit_card,BA,112,17360.16
2017-07-01,credit_card,CE,39,7975.31
2017-07-01,credit_card,DF,60,11093.51
2017-07-01,credit_card,ES,60,6454.08
2017-07-01,credit_card,GO,56,8089.68
2017-07-01,credit_card,MA,29,5616.92
2017-07-01,credit_card,MG,341,49775.55
2017-07-01,credit_card,MS,18,3149.79
2017-07-01,credit_card,MT,24,9572.26
2017-07-01,credit_card,PA,27,4266.46
2017-07-01,credit_card,PB,19,2931.30
2017-07-01,credit_card,PE,60,9481.52
2017-07-01,credit_card,PI,17,2625.54
2017-07-01,credit_card,PR,149,23204.23
2017-07-01,credit_card,RJ,439,63780.16
2017-07-01,credit_card,RN,20,3622.79
2017-07-01,credit_card,RO,8,1206.65
2017-07-01,credit_card,RR,1,225.01
2017-07-01,credit_card,RS,171,24526.83
2017-07-01,credit_card,SC,118,17829.83
2017-07-01,credit_card,SE,7,948.41
2017-07-01,credit_card,SP,1185,156469.22
2017-07-01,credit_card,TO,1,126.58
2017-07-01,debit_card,BA,1,0
2017-07-01,debit_card,DF,1,35.05
2017-07-01,debit_card,GO,1,126.89
2017-07-01,debit_card,MG,1,26.77
2017-07-01,debit_card,RJ,2,154.38
2017-07-01,debit_card,RS,4,616.79
2017-07-01,debit_card,SC,1,48.69
2017-07-01,debit_card,SP,11,982.38
2017-07-01,voucher,BA,7,419.01
2017-07-01,voucher,CE,4,407.03
2017-07-01,voucher,DF,2,97.20
2017-07-01,voucher,ES,2,127.78
2017-07-01,voucher,GO,3,314.76
2017-07-01,voucher,MA,1,78.19
2017-07-01,voucher,MG,22,2633.11
2017-07-01,voucher,MS,1,35.09
2017-07-01,voucher,MT,3,296.85
2017-07-01,voucher,PE,4,310.33
2017-07-01,voucher,PR,12,1574.06
2017-07-01,voucher,RJ,27,3048.77
2017-07-01,voucher,RN,1,51.05
2017-07-01,voucher,RS,10,1617.04
2017-07-01,voucher,SC,4,406.67
2017-07-01,voucher,SE,2,216.27
2017-07-01,voucher,SP,69,6241.04
2017-08-01,boleto,AC,1,321.92
2017-08-01,boleto,AL,3,2697.07
2017-08-01,boleto,AP,3,384.78
2017-08-01,boleto,BA,26,4127.76
2017-08-01,boleto,CE,8,847.84
2017-08-01,boleto,DF,17,2219.33
2017-08-01,boleto,ES,19,2907.94
2017-08-01,boleto,GO,23,2163.80
2017-08-01,boleto,MA,10,2139.82
2017-08-01,boleto,MG,101,13803.67
2017-08-01,boleto,MS,7,892.72
2017-08-01,boleto,MT,13,1883.73
2017-08-01,boleto,PA,16,3052.99
2017-08-01,boleto,PB,3,736.49
2017-08-01,boleto,PE,13,2239.27
2017-08-01,boleto,PI,8,1221.42
2017-08-01,boleto,PR,56,6629.10
2017-08-01,boleto,RJ,114,16063.11
2017-08-01,boleto,RN,4,901.80
2017-08-01,boleto,RO,6,1676.07
2017-08-01,boleto,RS,88,11090.10
2017-08-01,boleto,SC,48,5635.85
2017-08-01,boleto,SE,5,687.16
2017-08-01,boleto,SP,342,41640.48
2017-08-01,boleto,TO,4,1565.04
2017-08-01,credit_card,AC,3,443.91
2017-08-01,credit_card,AL,14,6034.34
2017-08-01,credit_card,AM,5,1483.41
2017-08-01,credit_card,BA,130,24957.04
2017-08-01,credit_card,CE,61,11694.84
2017-08-01,credit_card,DF,66,8766.70
2017-08-01,credit_card,ES,69,11841.45
2017-08-01,credit_card,GO,66,13045.54
2017-08-01,credit_card,MA,30,5486.12
2017-08-01,credit_card,MG,349,53272.81
2017-08-01,credit_card,MS,17,3575.92
2017-08-01,credit_card,MT,24,5886.38
2017-08-01,credit_card,PA,39,13424.96
2017-08-01,credit_card,PB,13,2316.62
2017-08-01,credit_card,PE,70,13045.16
2017-08-01,credit_card,PI,12,3914.13
2017-08-01,credit_card,PR,155,25513.88
2017-08-01,credit_card,RJ,425,70034.43
2017-08-01,credit_card,RN,14,2177.07
2017-08-01,credit_card,RO,8,1139.90
2017-08-01,credit_card,RS,195,27310.54
2017-08-01,credit_card,SC,108,19667.47
2017-08-01,credit_card,SE,15,3641.88
2017-08-01,credit_card,SP,1301,171380.91
2017-08-01,credit_card,TO,11,953.48
2017-08-01,debit_card,CE,1,278.09
2017-08-01,debit_card,GO,1,116.11
2017-08-01,debit_card,MG,4,209.19
2017-08-01,debit_card,PR,3,201.20
2017-08-01,debit_card,RJ,4,612.14
2017-08-01,debit_card,RN,2,194.48
2017-08-01,debit_card,RS,4,293.20
2017-08-01,debit_card,SC,1,96.02
2017-08-01,debit_card,SP,14,1067.52
2017-08-01,voucher,AL,1,826.91
2017-08-01,voucher,BA,2,273.61
2017-08-01,voucher,CE,3,136.90
2017-08-01,voucher,DF,4,410.90
2017-08-01,voucher,ES,7,595.16
2017-08-01,voucher,GO,3,271.92
2017-08-01,voucher,MG,15,1708.86
2017-08-01,voucher,MT,1,61.78
2017-08-01,voucher,PA,5,641.15
2017-08-01,voucher,PE,2,165.47
2017-08-01,voucher,PI,2,155.16
2017-08-01,voucher,PR,9,967.52
2017-08-01,voucher,RJ,19,1569.60
2017-08-01,voucher,RS,12,1206.55
2017-08-01,voucher,SC,2,106.33
2017-08-01,voucher,SP,72,5128.44
2017-09-01,boleto,AL,3,214.28
2017-09-01,boleto,AM,3,932.35
2017-09-01,boleto,AP,1,372.99
2017-09-01,boleto,BA,36,5245.87
2017-09-01,boleto,CE,11,3851.30
2017-09-01,boleto,DF,11,1461.43
2017-09-01,boleto,ES,21,2672.96
2017-09-01,boleto,GO,21,2747.42
2017-09-01,boleto,MA,9,2922.86
2017-09-01,boleto,MG,109,14757.79
2017-09-01,boleto,MS,10,1484.71
2017-09-01,boleto,MT,15,2409.33
2017-09-01,boleto,PA,10,1262.37
2017-09-01,boleto,PB,6,892.96
2017-09-01,boleto,PE,14,1671.33
2017-09-01,boleto,PI,5,523.55
2017-09-01,boleto,PR,40,4919.05
2017-09-01,boleto,RJ,109,14367.23
2017-09-01,boleto,RN,5,1836.59
2017-09-01,boleto,RO,2,2074.41
2017-09-01,boleto,RS,63,7284.26
2017-09-01,boleto,SC,38,4943.99
2017-09-01,boleto,SE,5,1455.01
2017-09-01,boleto,SP,354,45229.54
2017-09-01,boleto,TO,2,953.41
2017-09-01,credit_card,AC,3,1679.61
2017-09-01,credit_card,AL,17,4879.50
2017-09-01,credit_card,AM,6,586.09
2017-09-01,credit_card,AP,1,126.23
2017-09-01,credit_card,BA,123,21637.20
2017-09-01,credit_card,CE,60,14750.24
2017-09-01,credit_card,DF,84,13745.52
2017-09-01,credit_card,ES,68,10291.41
2017-09-01,credit_card,GO,64,12271.94
2017-09-01,credit_card,MA,33,8300.83
2017-09-01,credit_card,MG,381,66140.51
2017-09-01,credit_card,MS,23,4084.77
2017-09-01,credit_card,MT,20,5757.89
2017-09-01,credit_card,PA,29,6330.86
2017-09-01,credit_card,PB,22,5229.07
2017-09-01,credit_card,PE,56,13146.02
2017-09-01,credit_card,PI,17,2847.26
2017-09-01,credit_card,PR,134,18665.77
2017-09-01,credit_card,RJ,471,89335.95
2017-09-01,credit_card,RN,18,2093.48
2017-09-01,credit_card,RO,14,2863.87
2017-09-01,credit_card,RR,1,65.37
2017-09-01,credit_card,RS,207,35125.09
2017-09-01,credit_card,SC,113,23481.97
2017-09-01,credit_card,SE,11,2086.48
2017-09-01,credit_card,SP,1208,183799.75
2017-09-01,credit_card,TO,14,3354.45
2017-09-01,debit_card,AC,2,349.62
2017-09-01,debit_card,BA,2,99.36
2017-09-01,debit_card,CE,1,52.63
2017-09-01,debit_card,ES,2,130.57
2017-09-01,debit_card,GO,1,122.31
2017-09-01,debit_card,MG,5,619.22
2017-09-01,debit_card,PA,1,61.63
2017-09-01,debit_card,PE,1,318.53
2017-09-01,debit_card,RJ,5,608.18
2017-09-01,debit_card,RN,1,89.79
2017-09-01,debit_card,RS,3,116.20
2017-09-01,debit_card,SC,1,282.21
2017-09-01,debit_card,SP,18,1840.11
2017-09-01,voucher,BA,9,998.89
2017-09-01,voucher,CE,5,632.83
2017-09-01,voucher,DF,2,155.98
2017-09-01,voucher,ES,2,219.25
2017-09-01,voucher,GO,2,346.65
2017-09-01,voucher,MG,12,1325.97
2017-09-01,voucher,PA,1,76.88
2017-09-01,voucher,PB,1,162.24
2017-09-01,voucher,PE,5,393.72
2017-09-01,voucher,PI,1,203.36
2017-09-01,voucher,PR,9,1182.08
2017-09-01,voucher,RJ,24,2385.79
2017-09-01,voucher,RS,5,708.05
2017-09-01,voucher,SC,4,441.90
2017-09-01,voucher,SP,58,7897.56
2017-09-01,voucher,TO,1,91.86
2017-10-01,boleto,AC,1,132.82
2017-10-01,boleto,AL,4,696.20
2017-10-01,boleto,AP,1,148.22
2017-10-01,boleto,BA,29,3915.12
2017-10-01,boleto,CE,19,2840.34
2017-10-01,boleto,DF,21,2642.34
2017-10-01,boleto,ES,29,2748.11
2017-10-01,boleto,GO,24,4167.10
2017-10-01,boleto,MA,15,2058.43
2017-10-01,boleto,MG,122,15398.05
2017-10-01,boleto,MS,7,2120.97
2017-10-01,boleto,MT,9,1755.04
2017-10-01,boleto,PA,13,2073.71
2017-10-01,boleto,PB,4,733.16
2017-10-01,boleto,PE,18,2712.43
2017-10-01,boleto,PI,3,440.82
2017-10-01,boleto,PR,36,4234.00
2017-10-01,boleto,RJ,106,14927.10
2017-10-01,boleto,RN,3,325.25
2017-10-01,boleto,RO,2,234.87
2017-10-01,boleto,RR,1,89.94
2017-10-01,boleto,RS,70,14735.84
2017-10-01,boleto,SC,50,6462.06
2017-10-01,boleto,SE,2,280.61
2017-10-01,boleto,SP,401,48513.92
2017-10-01,boleto,TO,3,417.05
2017-10-01,credit_card,AC,5,730.98
2017-10-01,credit_card,AL,24,5645.38
2017-10-01,credit_card,AM,3,164.56
2017-10-01,credit_card,AP,2,1548.52
2017-10-01,credit_card,BA,127,22681.96
2017-10-01,credit_card,CE,45,11100.23
2017-10-01,credit_card,DF,75,12020.97
2017-10-01,credit_card,ES,63,9001.74
2017-10-01,credit_card,GO,81,14613.63
2017-10-01,credit_card,MA,33,10468.55
2017-10-01,credit_card,MG,408,74361.66
2017-10-01,credit_card,MS,27,5180.80
2017-10-01,credit_card,MT,41,10811.42
2017-10-01,credit_card,PA,35,6308.48
2017-10-01,credit_card,PB,26,10782.33
2017-10-01,credit_card,PE,59,17110.15
2017-10-01,credit_card,PI,19,4389.28
2017-10-01,credit_card,PR,159,31973.05
2017-10-01,credit_card,RJ,536,92842.60
2017-10-01,credit_card,RN,19,4719.31
2017-10-01,credit_card,RO,12,2056.82
2017-10-01,credit_card,RR,2,435.21
2017-10-01,credit_card,RS,169,26408.76
2017-10-01,credit_card,SC,120,17503.61
2017-10-01,credit_card,SE,20,4842.68
2017-10-01,credit_card,SP,1300,191530.10
2017-10-01,credit_card,TO,8,2579.78
2017-10-01,debit_card,BA,3,447.52
2017-10-01,debit_card,MG,5,554.13
2017-10-01,debit_card,PA,1,0
2017-10-01,debit_card,PR,5,426.30
2017-10-01,debit_card,RJ,5,805.97
2017-10-01,debit_card,RN,1,307.46
2017-10-01,debit_card,RS,2,414.63
2017-10-01,debit_card,SC,2,68.00
2017-10-01,debit_card,SP,28,2705.94
2017-10-01,voucher,BA,7,569.60
2017-10-01,voucher,CE,2,398.02
2017-10-01,voucher,DF,2,68.19
2017-10-01,voucher,ES,8,917.70
2017-10-01,voucher,GO,3,496.96
2017-10-01,voucher,MG,25,2735.33
2017-10-01,voucher,MT,2,326.42
2017-10-01,voucher,PA,5,339.62
2017-10-01,voucher,PE,3,274.67
2017-10-01,voucher,PI,1,124.94
2017-10-01,voucher,PR,6,771.25
2017-10-01,voucher,RJ,21,2002.29
2017-10-01,voucher,RS,11,1613.84
2017-10-01,voucher,SC,6,740.09
2017-10-01,voucher,SP,64,7150.84
2017-10-01,voucher,TO,2,241.24
2017-11-01,boleto,AL,4,315.95
2017-11-01,boleto,AM,2,236.86
2017-11-01,boleto,BA,46,9467.60
2017-11-01,boleto,CE,12,3696.39
2017-11-01,boleto,DF,33,5942.77
2017-11-01,boleto,ES,30,3047.23
2017-11-01,boleto,GO,36,4807.92
2017-11-01,boleto,MA,19,4556.96
2017-11-01,boleto,MG,193,35277.73
2017-11-01,boleto,MS,9,621.48
2017-11-01,boleto,MT,22,3788.16
2017-11-01,boleto,PA,13,3693.35
2017-11-01,boleto,PB,3,474.03
2017-11-01,boleto,PE,20,2988.69
2017-11-01,boleto,PI,5,446.11
2017-11-01,boleto,PR,85,12436.64
2017-11-01,boleto,RJ,177,23622.58
2017-11-01,boleto,RN,9,2982.85
2017-11-01,boleto,RO,1,202.51
2017-11-01,boleto,RS,100,12714.63
2017-11-01,boleto,SC,83,9952.39
2017-11-01,boleto,SE,7,1448.82
2017-11-01,boleto,SP,596,71508.16
2017-11-01,boleto,TO,4,539.61
2017-11-01,credit_card,AC,5,945.16
2017-11-01,credit_card,AL,21,6694.02
2017-11-01,credit_card,AM,8,2764.15
2017-11-01,credit_card,AP,4,689.17
2017-11-01,credit_card,BA,194,25272.84
2017-11-01,credit_card,CE,92,18167.23
2017-11-01,credit_card,DF,133,24152.92
2017-11-01,credit_card,ES,137,25219.71
2017-11-01,credit_card,GO,115,19185.35
2017-11-01,credit_card,MA,35,7346.53
2017-11-01,credit_card,MG,726,116219.24
2017-11-01,credit_card,MS,34,6246.69
2017-11-01,credit_card,MT,50,9543.64
2017-11-01,credit_card,PA,55,10345.31
2017-11-01,credit_card,PB,27,5242.19
2017-11-01,credit_card,PE,101,20756.93
2017-11-01,credit_card,PI,23,3144.18
2017-11-01,credit_card,PR,280,40837.68
2017-11-01,credit_card,RJ,830,144392.97
2017-11-01,credit_card,RN,34,6654.31
2017-11-01,credit_card,RO,16,6854.96
2017-11-01,credit_card,RR,2,151.46
2017-11-01,credit_card,RS,310,53343.39
2017-11-01,credit_card,SC,209,33783.22
2017-11-01,credit_card,SE,19,5018.27
2017-11-01,credit_card,SP,2281,317924.30
2017-11-01,credit_card,TO,13,2539.31
2017-11-01,debit_card,BA,2,68.63
2017-11-01,debit_card,CE,4,264.75
2017-11-01,debit_card,ES,1,27.75
2017-11-01,debit_card,MG,7,554.81
2017-11-01,debit_card,MS,1,51.10
2017-11-01,debit_card,MT,1,0
2017-11-01,debit_card,PE,2,182.62
2017-11-01,debit_card,PR,2,46.31
2017-11-01,debit_card,RJ,10,1248.37
2017-11-01,debit_card,RS,1,40.09
2017-11-01,debit_card,SC,4,157.66
2017-11-01,debit_card,SE,1,146.30
2017-11-01,debit_card,SP,34,3133.51
2017-11-01,voucher,AL,1,431.50
2017-11-01,voucher,BA,8,640.48
2017-11-01,voucher,DF,2,100.34
2017-11-01,voucher,ES,2,108.14
2017-11-01,voucher,GO,6,670.29
2017-11-01,voucher,MA,2,330.91
2017-11-01,voucher,MG,17,2077.60
2017-11-01,voucher,MS,2,63.19
2017-11-01,voucher,MT,1,31.79
2017-11-01,voucher,PA,2,333.87
2017-11-01,voucher,PE,3,306.46
2017-11-01,voucher,PI,3,215.10
2017-11-01,voucher,PR,11,917.34
2017-11-01,voucher,RJ,31,2933.90
2017-11-01,voucher,RN,1,102.87
2017-11-01,voucher,RS,11,1164.62
2017-11-01,voucher,SC,7,374.45
2017-11-01,voucher,SP,101,8434.90
2017-12-01,boleto,AC,1,130.85
2017-12-01,boleto,AL,2,407.89
2017-12-01,boleto,AP,1,135.61
2017-12-01,boleto,BA,37,4023.11
2017-12-01,boleto,CE,13,1348.21
2017-12-01,boleto,DF,22,2313.48
2017-12-01,boleto,ES,28,2998.06
2017-12-01,boleto,GO,31,3650.85
2017-12-01,boleto,MA,9,1182.91
2017-12-01,boleto,MG,142,27277.08
2017-12-01,boleto,MS,12,2281.74
2017-12-01,boleto,MT,11,1720.46
2017-12-01,boleto,PA,12,1622.89
2017-12-01,boleto,PB,5,845.30
2017-12-01,boleto,PE,14,2626.58
2017-12-01,boleto,PI,8,1494.36
2017-12-01,boleto,PR,58,6078.23
2017-12-01,boleto,RJ,163,25096.23
2017-12-01,boleto,RN,5,551.29
2017-12-01,boleto,RO,4,362.37
2017-12-01,boleto,RS,72,12004.74
2017-12-01,boleto,SC,44,5236.54
2017-12-01,boleto,SE,2,717.38
2017-12-01,boleto,SP,458,55897.78
2017-12-01,boleto,TO,6,753.93
2017-12-01,credit_card,AC,3,1188.45
2017-12-01,credit_card,AL,12,2272.87
2017-12-01,credit_card,AM,5,1124.48
2017-12-01,credit_card,AP,2,482.95
2017-12-01,credit_card,BA,143,27766.52
2017-12-01,credit_card,CE,57,9505.24
2017-12-01,credit_card,DF,101,16351.27
2017-12-01,credit_card,ES,82,11167.35
2017-12-01,credit_card,GO,91,14330.47
2017-12-01,credit_card,MA,30,5585.19
2017-12-01,credit_card,MG,522,75798.78
2017-12-01,credit_card,MS,24,3724.21
2017-12-01,credit_card,MT,37,8685.50
2017-12-01,credit_card,PA,45,10579.04
2017-12-01,credit_card,PB,29,5700.67
2017-12-01,credit_card,PE,85,16002.01
2017-12-01,credit_card,PI,15,2014.12
2017-12-01,credit_card,PR,200,27783.30
2017-12-01,credit_card,RJ,595,102210.44
2017-12-01,credit_card,RN,23,3395.21
2017-12-01,credit_card,RO,7,2047.99
2017-12-01,credit_card,RS,200,35348.82
2017-12-01,credit_card,SC,143,22387.42
2017-12-01,credit_card,SE,17,3183.98
2017-12-01,credit_card,SP,1796,245291.16
2017-12-01,credit_card,TO,7,1032.37
2017-12-01,debit_card,BA,2,151.72
2017-12-01,debit_card,CE,3,324.83
2017-12-01,debit_card,DF,1,172.62
2017-12-01,debit_card,ES,1,0
2017-12-01,debit_card,GO,1,39.09
2017-12-01,debit_card,MA,1,105.80
2017-12-01,debit_card,MG,5,457.85
2017-12-01,debit_card,PB,1,74.05
2017-12-01,debit_card,PE,2,375.12
2017-12-01,debit_card,PR,4,307.21
2017-12-01,debit_card,RJ,10,1354.93
2017-12-01,debit_card,RS,2,177.03
2017-12-01,debit_card,SC,2,118.75
2017-12-01,debit_card,SP,29,3243.83
2017-12-01,voucher,AC,1,90.28
2017-12-01,voucher,AM,1,49.14
2017-12-01,voucher,AP,1,152.00
2017-12-01,voucher,BA,10,973.60
2017-12-01,voucher,CE,8,1461.92
2017-12-01,voucher,DF,7,929.28
2017-12-01,voucher,ES,2,85.15
2017-12-01,voucher,GO,4,366.07
2017-12-01,voucher,MA,1,408.04
2017-12-01,voucher,MG,22,1920.09
2017-12-01,voucher,MT,2,142.47
2017-12-01,voucher,PA,1,180.47
2017-12-01,voucher,PB,2,396.23
2017-12-01,voucher,PE,2,153.42
2017-12-01,voucher,PR,8,925.67
2017-12-01,voucher,RJ,15,1355.61
2017-12-01,voucher,RN,2,152.00
2017-12-01,voucher,RS,9,1162.83
2017-12-01,voucher,SC,4,627.35
2017-12-01,voucher,SE,1,150.56
2017-12-01,voucher,SP,74,8669.74
2017-12-01,voucher,TO,1,105.86
2018-01-01,boleto,AC,3,790.23
2018-01-01,boleto,AL,12,2335.81
2018-01-01,boleto,AM,4,399.06
2018-01-01,boleto,AP,3,325.27
2018-01-01,boleto,BA,46,4940.92
2018-01-01,boleto,CE,16,1607.18
2018-01-01,boleto,DF,17,1926.07
2018-01-01,boleto,ES,26,3766.57
2018-01-01,boleto,GO,36,3910.14
2018-01-01,boleto,MA,16,2490.75
2018-01-01,boleto,MG,171,24310.36
2018-01-01,boleto,MS,22,3216.64
2018-01-01,boleto,MT,25,2720.63
2018-01-01,boleto,PA,12,3947.79
2018-01-01,boleto,PB,3,443.75
2018-01-01,boleto,PE,23,2811.20
2018-01-01,boleto,PI,9,1663.04
2018-01-01,boleto,PR,104,13599.33
2018-01-01,boleto,RJ,145,17831.29
2018-01-01,boleto,RN,9,1319.64
2018-01-01,boleto,RO,6,689.71
2018-01-01,boleto,RS,91,14914.81
2018-01-01,boleto,SC,71,8516.69
2018-01-01,boleto,SE,3,335.78
2018-01-01,boleto,SP,641,78649.58
2018-01-01,boleto,TO,4,592.50
2018-01-01,credit_card,AC,2,262.52
2018-01-01,credit_card,AL,24,3738.14
2018-01-01,credit_card,AM,8,3034.40
2018-01-01,credit_card,AP,7,2392.33
2018-01-01,credit_card,BA,185,37966.39
2018-01-01,credit_card,CE,69,12083.84
2018-01-01,credit_card,DF,116,18043.60
2018-01-01,credit_card,ES,115,19160.61
2018-01-01,credit_card,GO,105,15615.07
2018-01-01,credit_card,MA,39,8410.83
2018-01-01,credit_card,MG,651,103569.75
2018-01-01,credit_card,MS,43,8223.49
2018-01-01,credit_card,MT,59,9873.09
2018-01-01,credit_card,PA,54,12411.05
2018-01-01,credit_card,PB,27,7397.44
2018-01-01,credit_card,PE,77,13971.45
2018-01-01,credit_card,PI,36,6605.88
2018-01-01,credit_card,PR,254,35363.42
2018-01-01,credit_card,RJ,698,113554.95
2018-01-01,credit_card,RN,36,5152.84
2018-01-01,credit_card,RO,14,2400.39
2018-01-01,credit_card,RR,2,162.79
2018-01-01,credit_card,RS,265,37890.12
2018-01-01,credit_card,SC,226,34032.46
2018-01-01,credit_card,SE,16,3283.44
2018-01-01,credit_card,SP,2252,322287.15
2018-01-01,credit_card,TO,13,2188.79
2018-01-01,debit_card,BA,1,130.01
2018-01-01,debit_card,CE,1,221.80
2018-01-01,debit_card,ES,2,175.65
2018-01-01,debit_card,GO,1,65.00
2018-01-01,debit_card,MA,1,96.95
2018-01-01,debit_card,MG,11,1428.97
2018-01-01,debit_card,MS,2,205.20
2018-01-01,debit_card,PA,2,141.32
2018-01-01,debit_card,PI,2,254.31
2018-01-01,debit_card,PR,9,617.03
2018-01-01,debit_card,RJ,13,1442.71
2018-01-01,debit_card,RN,1,361.07
2018-01-01,debit_card,RS,7,780.08
2018-01-01,debit_card,SC,4,527.21
2018-01-01,debit_card,SE,1,70.05
2018-01-01,debit_card,SP,51,5026.18
2018-01-01,voucher,AC,1,105.14
2018-01-01,voucher,AL,1,144.47
2018-01-01,voucher,AP,1,71.14
2018-01-01,voucher,BA,7,457.27
2018-01-01,voucher,CE,4,844.44
2018-01-01,voucher,DF,5,383.68
2018-01-01,voucher,ES,4,425.39
2018-01-01,voucher,GO,4,369.29
2018-01-01,voucher,MA,1,92.10
2018-01-01,voucher,MG,30,3268.71
2018-01-01,voucher,MS,3,384.55
2018-01-01,voucher,MT,1,172.55
2018-01-01,voucher,PA,2,233.64
2018-01-01,voucher,PB,1,181.33
2018-01-01,voucher,PE,4,415.51
2018-01-01,voucher,PI,1,54.05
2018-01-01,voucher,PR,11,2125.33
2018-01-01,voucher,RJ,37,4511.14
2018-01-01,voucher,RS,10,1224.27
2018-01-01,voucher,SC,13,1419.37
2018-01-01,voucher,SP,108,12329.58
2018-02-01,boleto,AC,1,39.03
2018-02-01,boleto,AL,3,430.14
2018-02-01,boleto,AM,3,1857.76
2018-02-01,boleto,BA,43,5555.81
2018-02-01,boleto,CE,14,1424.85
2018-02-01,boleto,DF,34,4413.50
2018-02-01,boleto,ES,34,3764.51
2018-02-01,boleto,GO,25,3225.95
2018-02-01,boleto,MA,16,2735.21
2018-02-01,boleto,MG,168,26978.30
2018-02-01,boleto,MS,13,2710.81
2018-02-01,boleto,MT,22,3324.60
2018-02-01,boleto,PA,16,2101.29
2018-02-01,boleto,PB,2,126.85
2018-02-01,boleto,PE,15,1536.00
2018-02-01,boleto,PI,8,1106.75
2018-02-01,boleto,PR,92,13084.26
2018-02-01,boleto,RJ,147,19222.69
2018-02-01,boleto,RN,4,645.76
2018-02-01,boleto,RO,5,477.50
2018-02-01,boleto,RR,2,55.37
2018-02-01,boleto,RS,93,11565.99
2018-02-01,boleto,SC,45,5500.94
2018-02-01,boleto,SE,2,389.42
2018-02-01,boleto,SP,514,66148.82
2018-02-01,boleto,TO,4,371.64
2018-02-01,credit_card,AC,2,260.19
2018-02-01,credit_card,AL,24,5250.71
2018-02-01,credit_card,AM,4,577.68
2018-02-01,credit_card,AP,2,1086.31
2018-02-01,credit_card,BA,159,30238.51
2018-02-01,credit_card,CE,73,11052.26
2018-02-01,credit_card,DF,132,19866.39
2018-02-01,credit_card,ES,112,16109.31
2018-02-01,credit_card,GO,120,17774.52
2018-02-01,credit_card,MA,39,9512.59
2018-02-01,credit_card,MG,615,94966.43
2018-02-01,credit_card,MS,49,7175.93
2018-02-01,credit_card,MT,45,6522.68
2018-02-01,credit_card,PA,41,8107.32
2018-02-01,credit_card,PB,32,6137.02
2018-02-01,credit_card,PE,101,17667.39
2018-02-01,credit_card,PI,23,4337.15
2018-02-01,credit_card,PR,237,37308.31
2018-02-01,credit_card,RJ,734,106488.14
2018-02-01,credit_card,RN,18,3363.86
2018-02-01,credit_card,RO,9,1632.47
2018-02-01,credit_card,RR,3,180.26
2018-02-01,credit_card,RS,266,41748.69
2018-02-01,credit_card,SC,205,31062.19
2018-02-01,credit_card,SE,10,2841.70
2018-02-01,credit_card,SP,2084,274245.29
2018-02-01,credit_card,TO,15,2754.32
2018-02-01,debit_card,AM,1,51.14
2018-02-01,debit_card,BA,3,256.85
2018-02-01,debit_card,CE,1,191.95
2018-02-01,debit_card,ES,2,237.33
2018-02-01,debit_card,MG,6,343.88
2018-02-01,debit_card,PA,1,738.57
2018-02-01,debit_card,PE,2,428.41
2018-02-01,debit_card,PI,1,46.14
2018-02-01,debit_card,PR,5,362.45
2018-02-01,debit_card,RJ,9,1428.16
2018-02-01,debit_card,RS,2,225.26
2018-02-01,debit_card,SP,35,2961.64
2018-02-01,debit_card,TO,1,172.98
2018-02-01,voucher,BA,9,1542.77
2018-02-01,voucher,DF,6,370.50
2018-02-01,voucher,ES,4,219.83
2018-02-01,voucher,GO,4,258.84
2018-02-01,voucher,MA,1,212.12
2018-02-01,voucher,MG,15,1826.22
2018-02-01,voucher,MS,2,239.42
2018-02-01,voucher,PB,1,79.05
2018-02-01,voucher,PE,7,478.17
2018-02-01,voucher,PI,2,168.92
2018-02-01,voucher,PR,8,843.59
2018-02-01,voucher,RJ,32,3509.54
2018-02-01,voucher,RN,1,121.40
2018-02-01,voucher,RS,7,1137.53
2018-02-01,voucher,SC,7,1128.26
2018-02-01,voucher,SE,3,1871.98
2018-02-01,voucher,SP,70,7594.61
2018-02-01,voucher,TO,1,59.53
2018-03-01,boleto,AC,1,105.75
2018-03-01,boleto,AL,6,724.38
2018-03-01,boleto,AM,2,205.85
2018-03-01,boleto,AP,2,290.94
2018-03-01,boleto,BA,48,6892.83
2018-03-01,boleto,CE,14,4269.01
2018-03-01,boleto,DF,28,3565.85
2018-03-01,boleto,ES,22,3497.20
2018-03-01,boleto,GO,31,4399.39
2018-03-01,boleto,MA,7,2620.34
2018-03-01,boleto,MG,170,21552.04
2018-03-01,boleto,MS,16,2445.84
2018-03-01,boleto,MT,15,2127.76
2018-03-01,boleto,PA,14,2412.55
2018-03-01,boleto,PB,5,908.91
2018-03-01,boleto,PE,18,3297.26
2018-03-01,boleto,PI,4,619.69
2018-03-01,boleto,PR,83,11515.42
2018-03-01,boleto,RJ,147,21144.50
2018-03-01,boleto,RN,1,62.28
2018-03-01,boleto,RO,3,543.02
2018-03-01,boleto,RR,2,722.21
2018-03-01,boleto,RS,77,9343.96
2018-03-01,boleto,SC,57,6915.92
2018-03-01,boleto,SE,2,357.94
2018-03-01,boleto,SP,569,74759.25
2018-03-01,boleto,TO,8,1242.59
2018-03-01,credit_card,AC,1,58.92
2018-03-01,credit_card,AL,22,6740.93
2018-03-01,credit_card,AM,7,1228.32
2018-03-01,credit_card,AP,2,311.01
2018-03-01,credit_card,BA,186,34365.80
2018-03-01,credit_card,CE,79,17215.90
2018-03-01,credit_card,DF,115,19536.53
2018-03-01,credit_card,ES,105,15946.07
2018-03-01,credit_card,GO,109,17126.80
2018-03-01,credit_card,MA,42,7517.30
2018-03-01,credit_card,MG,672,111275.29
2018-03-01,credit_card,MS,40,5995.61
2018-03-01,credit_card,MT,37,7380.54
2018-03-01,credit_card,PA,59,12374.58
2018-03-01,credit_card,PB,33,6932.05
2018-03-01,credit_card,PE,87,23153.49
2018-03-01,credit_card,PI,28,7365.61
2018-03-01,credit_card,PR,277,44966.63
2018-03-01,credit_card,RJ,729,110563.88
2018-03-01,credit_card,RN,33,7387.24
2018-03-01,credit_card,RO,8,2326.10
2018-03-01,credit_card,RR,4,1296.59
2018-03-01,credit_card,RS,330,55809.36
2018-03-01,credit_card,SC,188,34486.93
2018-03-01,credit_card,SE,16,3054.58
2018-03-01,credit_card,SP,2335,341834.93
2018-03-01,credit_card,TO,12,4337.04
2018-03-01,debit_card,AL,2,0
2018-03-01,debit_card,BA,3,329.44
2018-03-01,debit_card,CE,1,34.03
2018-03-01,debit_card,DF,1,116.61
2018-03-01,debit_card,GO,1,243.45
2018-03-01,debit_card,MA,1,108.96
2018-03-01,debit_card,MG,5,370.40
2018-03-01,debit_card,MT,2,281.29
2018-03-01,debit_card,PE,1,34.03
2018-03-01,debit_card,PR,6,639.01
2018-03-01,debit_card,RJ,6,642.53
2018-03-01,debit_card,RN,2,159.53
2018-03-01,debit_card,RO,1,353.58
2018-03-01,debit_card,RS,3,329.54
2018-03-01,debit_card,SC,1,119.54
2018-03-01,debit_card,SP,42,3787.12
2018-03-01,voucher,AP,1,102.59
2018-03-01,voucher,BA,12,1626.79
2018-03-01,voucher,CE,4,682.26
2018-03-01,voucher,DF,6,1186.53
2018-03-01,voucher,ES,7,918.03
2018-03-01,voucher,GO,5,453.61
2018-03-01,voucher,MA,3,212.85
2018-03-01,voucher,MG,32,2984.55
2018-03-01,voucher,MS,3,147.44
2018-03-01,voucher,MT,1,191.79
2018-03-01,voucher,PB,1,226.27
2018-03-01,voucher,PE,2,325.40
2018-03-01,voucher,PI,3,173.53
2018-03-01,voucher,PR,11,1729.73
2018-03-01,voucher,RJ,25,2835.96
2018-03-01,voucher,RN,3,1248.11
2018-03-01,voucher,RO,1,83.15
2018-03-01,voucher,RS,8,892.56
2018-03-01,voucher,SC,6,1167.11
2018-03-01,voucher,SP,91,8730.21
2018-04-01,boleto,AC,1,56.41
2018-04-01,boleto,AL,6,668.80
2018-04-01,boleto,AP,2,270.16
2018-04-01,boleto,BA,37,4926.02
2018-04-01,boleto,CE,8,827.71
2018-04-01,boleto,DF,23,2618.90
2018-04-01,boleto,ES,30,3381.97
2018-04-01,boleto,GO,26,4729.87
2018-04-01,boleto,MA,8,1470.21
2018-04-01,boleto,MG,138,21076.53
2018-04-01,boleto,MS,12,2401.76
2018-04-01,boleto,MT,12,1525.44
2018-04-01,boleto,PA,14,3030.30
2018-04-01,boleto,PB,3,278.30
2018-04-01,boleto,PE,16,3338.02
2018-04-01,boleto,PI,6,1225.32
2018-04-01,boleto,PR,77,12102.37
2018-04-01,boleto,RJ,129,21231.92
2018-04-01,boleto,RN,6,1996.02
2018-04-01,boleto,RO,3,549.54
2018-04-01,boleto,RR,1,730.95
2018-04-01,boleto,RS,98,12894.53
2018-04-01,boleto,SC,52,9400.49
2018-04-01,boleto,SE,3,254.02
2018-04-01,boleto,SP,572,78984.05
2018-04-01,boleto,TO,4,598.69
2018-04-01,credit_card,AC,3,531.76
2018-04-01,credit_card,AL,20,6243.97
2018-04-01,credit_card,AM,6,893.49
2018-04-01,credit_card,AP,3,772.64
2018-04-01,credit_card,BA,180,31108.27
2018-04-01,credit_card,CE,89,18710.38
2018-04-01,credit_card,DF,119,18579.24
2018-04-01,credit_card,ES,110,15540.22
2018-04-01,credit_card,GO,107,15590.16
2018-04-01,credit_card,MA,36,8339.36
2018-04-01,credit_card,MG,617,104713.88
2018-04-01,credit_card,MS,26,4166.42
2018-04-01,credit_card,MT,53,12017.01
2018-04-01,credit_card,PA,53,10395.31
2018-04-01,credit_card,PB,24,4616.01
2018-04-01,credit_card,PE,91,17178.24
2018-04-01,credit_card,PI,29,11094.24
2018-04-01,credit_card,PR,291,62450.73
2018-04-01,credit_card,RJ,657,113430.98
2018-04-01,credit_card,RN,26,5522.82
2018-04-01,credit_card,RO,8,3536.18
2018-04-01,credit_card,RR,1,41.06
2018-04-01,credit_card,RS,240,44789.77
2018-04-01,credit_card,SC,185,41222.77
2018-04-01,credit_card,SE,11,3278.96
2018-04-01,credit_card,SP,2349,349954.39
2018-04-01,credit_card,TO,15,4771.82
2018-04-01,debit_card,BA,1,84.45
2018-04-01,debit_card,CE,1,175.10
2018-04-01,debit_card,DF,2,73.35
2018-04-01,debit_card,ES,1,49.03
2018-04-01,debit_card,GO,1,299.92
2018-04-01,debit_card,MG,11,1466.08
2018-04-01,debit_card,PA,1,175.36
2018-04-01,debit_card,PB,1,48.84
2018-04-01,debit_card,PE,2,358.34
2018-04-01,debit_card,PI,2,37.75
2018-04-01,debit_card,PR,6,414.79
2018-04-01,debit_card,RJ,14,1351.17
2018-04-01,debit_card,RS,2,93.26
2018-04-01,debit_card,SC,3,370.29
2018-04-01,debit_card,SP,48,5327.33
2018-04-01,voucher,AL,2,93.69
2018-04-01,voucher,BA,7,763.02
2018-04-01,voucher,CE,2,174.41
2018-04-01,voucher,DF,4,195.76
2018-04-01,voucher,ES,1,141.43
2018-04-01,voucher,GO,2,1610.56
2018-04-01,voucher,MA,2,213.96
2018-04-01,voucher,MG,20,1562.32
2018-04-01,voucher,MS,5,484.96
2018-04-01,voucher,PA,3,224.58
2018-04-01,voucher,PB,3,573.22
2018-04-01,voucher,PE,5,635.90
2018-04-01,voucher,PR,12,1267.31
2018-04-01,voucher,RJ,34,3658.64
2018-04-01,voucher,RS,9,1000.01
2018-04-01,voucher,SC,6,736.15
2018-04-01,voucher,SP,90,9159.57
2018-05-01,boleto,AC,1,905.93
2018-05-01,boleto,AL,4,1148.11
2018-05-01,boleto,AM,3,261.66
2018-05-01,boleto,AP,1,259.39
2018-05-01,boleto,BA,37,6508.80
2018-05-01,boleto,CE,5,536.27
2018-05-01,boleto,DF,24,2797.04
2018-05-01,boleto,ES,26,5484.83
2018-05-01,boleto,GO,25,5315.12
2018-05-01,boleto,MA,7,4045.26
2018-05-01,boleto,MG,136,21056.37
2018-05-01,boleto,MS,10,1301.00
2018-05-01,boleto,MT,11,1213.32
2018-05-01,boleto,PA,7,3099.17
2018-05-01,boleto,PB,10,2907.11
2018-05-01,boleto,PE,12,2945.52
2018-05-01,boleto,PI,5,1471.56
2018-05-01,boleto,PR,51,7758.20
2018-05-01,boleto,RJ,141,23933.96
2018-05-01,boleto,RN,4,765.46
2018-05-01,boleto,RO,5,900.15
2018-05-01,boleto,RS,88,12323.30
2018-05-01,boleto,SC,45,6485.30
2018-05-01,boleto,SP,600,78084.99
2018-05-01,boleto,TO,5,544.24
2018-05-01,credit_card,AC,1,595.49
2018-05-01,credit_card,AL,15,3244.99
2018-05-01,credit_card,AM,6,1920.13
2018-05-01,credit_card,AP,5,930.54
2018-05-01,credit_card,BA,194,34762.20
2018-05-01,credit_card,CE,69,13959.07
2018-05-01,credit_card,DF,116,25400.45
2018-05-01,credit_card,ES,101,15860.41
2018-05-01,credit_card,GO,109,21569.68
2018-05-01,credit_card,MA,25,4544.29
2018-05-01,credit_card,MG,606,95665.95
2018-05-01,credit_card,MS,35,9758.73
2018-05-01,credit_card,MT,56,13576.57
2018-05-01,credit_card,PA,31,5961.59
2018-05-01,credit_card,PB,17,2791.26
2018-05-01,credit_card,PE,93,13472.54
2018-05-01,credit_card,PI,24,6695.76
2018-05-01,credit_card,PR,247,45123.18
2018-05-01,credit_card,RJ,659,111542.35
2018-05-01,credit_card,RN,17,4015.83
2018-05-01,credit_card,RO,12,2257.36
2018-05-01,credit_card,RR,1,171.69
2018-05-01,credit_card,RS,253,45012.18
2018-05-01,credit_card,SC,175,33879.04
2018-05-01,credit_card,SE,8,1320.59
2018-05-01,credit_card,SP,2504,389479.34
2018-05-01,credit_card,TO,11,2770.09
2018-05-01,debit_card,BA,1,47.05
2018-05-01,debit_card,ES,2,178.71
2018-05-01,debit_card,GO,2,379.36
2018-05-01,debit_card,MG,2,174.68
2018-05-01,debit_card,PA,1,37.04
2018-05-01,debit_card,PB,1,173.38
2018-05-01,debit_card,PI,1,133.27
2018-05-01,debit_card,PR,2,150.05
2018-05-01,debit_card,RJ,6,4901.85
2018-05-01,debit_card,SP,33,3274.47
2018-05-01,voucher,BA,9,995.73
2018-05-01,voucher,DF,4,638.87
2018-05-01,voucher,ES,5,513.73
2018-05-01,voucher,GO,3,273.61
2018-05-01,voucher,MG,18,2611.58
2018-05-01,voucher,PA,1,62.75
2018-05-01,voucher,PB,1,37.84
2018-05-01,voucher,PE,1,88.17
2018-05-01,voucher,PI,1,122.35
2018-05-01,voucher,PR,11,962.66
2018-05-01,voucher,RJ,27,2991.09
2018-05-01,voucher,RN,1,217.57
2018-05-01,voucher,RS,10,2397.99
2018-05-01,voucher,SC,7,1414.43
2018-05-01,voucher,SP,70,7662.93
2018-06-01,boleto,AC,1,158.27
2018-06-01,boleto,AL,1,252.69
2018-06-01,boleto,BA,37,5244.38
2018-06-01,boleto,CE,8,1658.49
2018-06-01,boleto,DF,22,2341.93
2018-06-01,boleto,ES,16,2303.24
2018-06-01,boleto,GO,24,3177.38
2018-06-01,boleto,MA,12,1568.83
2018-06-01,boleto,MG,135,20453.85
2018-06-01,boleto,MS,13,2686.75
2018-06-01,boleto,MT,10,1676.96
2018-06-01,boleto,PA,13,2426.07
2018-06-01,boleto,PB,4,292.17
2018-06-01,boleto,PE,13,2127.44
2018-06-01,boleto,PI,8,1567.07
2018-06-01,boleto,PR,61,7365.06
2018-06-01,boleto,RJ,94,13335.90
2018-06-01,boleto,RN,6,1134.10
2018-06-01,boleto,RO,3,1032.03
2018-06-01,boleto,RR,1,305.43
2018-06-01,boleto,RS,72,10143.16
2018-06-01,boleto,SC,39,6213.07
2018-06-01,boleto,SE,5,383.75
2018-06-01,boleto,SP,499,63395.84
2018-06-01,boleto,TO,3,796.98
2018-06-01,credit_card,AC,2,438.99
2018-06-01,credit_card,AL,22,4525.64
2018-06-01,credit_card,AM,6,1000.16
2018-06-01,credit_card,AP,2,247.92
2018-06-01,credit_card,BA,144,33981.81
2018-06-01,credit_card,CE,58,17148.15
2018-06-01,credit_card,DF,124,18556.46
2018-06-01,credit_card,ES,98,17329.56
2018-06-01,credit_card,GO,76,13560.09
2018-06-01,credit_card,MA,28,6065.95
2018-06-01,credit_card,MG,540,98502.77
2018-06-01,credit_card,MS,32,7271.20
2018-06-01,credit_card,MT,45,11027.62
2018-06-01,credit_card,PA,35,8315.60
2018-06-01,credit_card,PB,21,12017.45
2018-06-01,credit_card,PE,76,14927.24
2018-06-01,credit_card,PI,19,4158.02
2018-06-01,credit_card,PR,234,39407.24
2018-06-01,credit_card,RJ,581,98735.99
2018-06-01,credit_card,RN,29,7116.55
2018-06-01,credit_card,RO,8,1086.21
2018-06-01,credit_card,RR,4,1336.98
2018-06-01,credit_card,RS,212,37019.30
2018-06-01,credit_card,SC,151,29184.14
2018-06-01,credit_card,SE,22,4029.76
2018-06-01,credit_card,SP,2112,310339.29
2018-06-01,credit_card,TO,13,3572.99
2018-06-01,debit_card,BA,5,618.12
2018-06-01,debit_card,CE,2,352.60
2018-06-01,debit_card,DF,2,93.25
2018-06-01,debit_card,ES,5,502.46
2018-06-01,debit_card,GO,1,238.24
2018-06-01,debit_card,MA,1,97.66
2018-06-01,debit_card,MG,24,4636.88
2018-06-01,debit_card,MS,4,807.80
2018-06-01,debit_card,MT,1,63.97
2018-06-01,debit_card,PA,2,578.32
2018-06-01,debit_card,PB,3,1911.51
2018-06-01,debit_card,PE,2,153.66
2018-06-01,debit_card,PI,1,52.84
2018-06-01,debit_card,PR,7,2948.91
2018-06-01,debit_card,RJ,20,5038.24
2018-06-01,debit_card,RO,1,300.73
2018-06-01,debit_card,RS,10,4297.93
2018-06-01,debit_card,SC,9,2349.97
2018-06-01,debit_card,SP,81,10562.35
2018-06-01,voucher,AL,1,74.60
2018-06-01,voucher,AM,1,210.98
2018-06-01,voucher,BA,15,2077.82
2018-06-01,voucher,CE,6,567.23
2018-06-01,voucher,DF,2,1884.33
2018-06-01,voucher,ES,5,511.82
2018-06-01,voucher,GO,4,405.60
2018-06-01,voucher,MA,1,112.93
2018-06-01,voucher,MG,18,1765.47
2018-06-01,voucher,MT,2,240.00
2018-06-01,voucher,PA,4,630.56
2018-06-01,voucher,PE,3,613.04
2018-06-01,voucher,PI,1,222.03
2018-06-01,voucher,PR,6,526.85
2018-06-01,voucher,RJ,21,2132.67
2018-06-01,voucher,RN,1,145.35
2018-06-01,voucher,RS,11,1620.29
2018-06-01,voucher,SC,6,1308.09
2018-06-01,voucher,SE,1,0
2018-06-01,voucher,SP,81,7762.21
2018-06-01,voucher,TO,2,617.06
2018-07-01,boleto,AL,3,963.75
2018-07-01,boleto,AM,2,196.02
2018-07-01,boleto,AP,1,61.99
2018-07-01,boleto,BA,42,6404.65
2018-07-01,boleto,CE,17,3356.49
2018-07-01,boleto,DF,38,4820.86
2018-07-01,boleto,ES,27,17503.16
2018-07-01,boleto,GO,19,3506.98
2018-07-01,boleto,MA,9,1783.49
2018-07-01,boleto,MG,130,18732.75
2018-07-01,boleto,MS,8,1133.79
2018-07-01,boleto,MT,15,4585.72
2018-07-01,boleto,PA,17,4401.06
2018-07-01,boleto,PB,9,7974.85
2018-07-01,boleto,PE,22,4481.51
2018-07-01,boleto,PI,4,372.40
2018-07-01,boleto,PR,49,11233.74
2018-07-01,boleto,RJ,121,18395.65
2018-07-01,boleto,RN,4,687.44
2018-07-01,boleto,RO,2,248.58
2018-07-01,boleto,RR,1,457.82
2018-07-01,boleto,RS,76,9021.63
2018-07-01,boleto,SC,43,5896.71
2018-07-01,boleto,SE,7,946.37
2018-07-01,boleto,SP,553,64809.72
2018-07-01,boleto,TO,10,1436.28
2018-07-01,credit_card,AC,4,1769.95
2018-07-01,credit_card,AL,18,3523.47
2018-07-01,credit_card,AM,15,2301.51
2018-07-01,credit_card,AP,5,1551.64
2018-07-01,credit_card,BA,184,40303.18
2018-07-01,credit_card,CE,65,12192.85
2018-07-01,credit_card,DF,117,21166.81
2018-07-01,credit_card,ES,86,14845.89
2018-07-01,credit_card,GO,88,19368.69
2018-07-01,credit_card,MA,31,5963.27
2018-07-01,credit_card,MG,487,80830.28
2018-07-01,credit_card,MS,36,6625.15
2018-07-01,credit_card,MT,31,8017.88
2018-07-01,credit_card,PA,36,10989.38
2018-07-01,credit_card,PB,39,11252.16
2018-07-01,credit_card,PE,109,25127.71
2018-07-01,credit_card,PI,24,7511.67
2018-07-01,credit_card,PR,260,41412.10
2018-07-01,credit_card,RJ,543,90524.02
2018-07-01,credit_card,RN,24,8937.35
2018-07-01,credit_card,RO,12,4623.46
2018-07-01,credit_card,RR,4,1502.77
2018-07-01,credit_card,RS,210,35527.16
2018-07-01,credit_card,SC,146,28556.51
2018-07-01,credit_card,SE,19,3402.11
2018-07-01,credit_card,SP,2047,285992.84
2018-07-01,credit_card,TO,11,2266.05
2018-07-01,debit_card,AL,2,205.36
2018-07-01,debit_card,AM,1,100.88
2018-07-01,debit_card,BA,12,2165.31
2018-07-01,debit_card,CE,4,999.53
2018-07-01,debit_card,DF,7,950.59
2018-07-01,debit_card,ES,7,948.63
2018-07-01,debit_card,GO,5,1311.65
2018-07-01,debit_card,MG,20,6946.86
2018-07-01,debit_card,MS,3,344.61
2018-07-01,debit_card,PA,2,371.76
2018-07-01,debit_card,PB,4,713.02
2018-07-01,debit_card,PE,2,168.01
2018-07-01,debit_card,PI,3,340.06
2018-07-01,debit_card,PR,6,581.57
2018-07-01,debit_card,RJ,24,5001.86
2018-07-01,debit_card,RS,21,2575.22
2018-07-01,debit_card,SC,8,2175.05
2018-07-01,debit_card,SE,2,1162.55
2018-07-01,debit_card,SP,108,11707.90
2018-07-01,debit_card,TO,1,92.76
2018-07-01,voucher,BA,12,1037.20
2018-07-01,voucher,CE,1,33.94
2018-07-01,voucher,DF,4,305.78
2018-07-01,voucher,ES,3,221.78
2018-07-01,voucher,GO,3,192.12
2018-07-01,voucher,MG,21,2252.31
2018-07-01,voucher,MS,2,191.79
2018-07-01,voucher,MT,1,42.06
2018-07-01,voucher,PA,2,89.44
2018-07-01,voucher,PE,4,404.00
2018-07-01,voucher,PI,1,246.98
2018-07-01,voucher,PR,5,498.10
2018-07-01,voucher,RJ,29,2821.90
2018-07-01,voucher,RN,1,54.94
2018-07-01,voucher,RO,2,377.34
2018-07-01,voucher,RS,9,1155.67
2018-07-01,voucher,SC,1,209.12
2018-07-01,voucher,SP,69,9310.36
2018-08-01,boleto,BA,23,2887.95
2018-08-01,boleto,CE,10,1587.24
2018-08-01,boleto,DF,27,3558.14
2018-08-01,boleto,ES,16,1718.27
2018-08-01,boleto,GO,16,1908.92
2018-08-01,boleto,MA,11,2203.06
2018-08-01,boleto,MG,133,15609.81
2018-08-01,boleto,MS,7,712.08
2018-08-01,boleto,MT,12,1540.16
2018-08-01,boleto,PA,7,900.81
2018-08-01,boleto,PB,6,1056.97
2018-08-01,boleto,PE,15,2249.53
2018-08-01,boleto,PI,4,1018.31
2018-08-01,boleto,PR,71,8941.86
2018-08-01,boleto,RJ,108,10947.09
2018-08-01,boleto,RN,3,378.16
2018-08-01,boleto,RO,3,1878.54
2018-08-01,boleto,RS,67,8172.03
2018-08-01,boleto,SC,33,6628.85
2018-08-01,boleto,SE,4,2050.00
2018-08-01,boleto,SP,559,64347.81
2018-08-01,boleto,TO,4,513.13
2018-08-01,credit_card,AC,3,604.52
2018-08-01,credit_card,AL,15,2493.42
2018-08-01,credit_card,AM,4,512.50
2018-08-01,credit_card,AP,2,257.40
2018-08-01,credit_card,BA,118,20386.88
2018-08-01,credit_card,CE,44,10116.45
2018-08-01,credit_card,DF,111,19429.67
2018-08-01,credit_card,ES,83,14933.67
2018-08-01,credit_card,GO,96,18855.03
2018-08-01,credit_card,MA,19,2996.97
2018-08-01,credit_card,MG,529,92632.68
2018-08-01,credit_card,MS,28,5839.87
2018-08-01,credit_card,MT,25,4001.08
2018-08-01,credit_card,PA,32,8867.94
2018-08-01,credit_card,PB,19,5405.10
2018-08-01,credit_card,PE,64,11895.25
2018-08-01,credit_card,PI,16,2740.93
2018-08-01,credit_card,PR,232,32795.32
2018-08-01,credit_card,RJ,578,92788.01
2018-08-01,credit_card,RN,15,5230.19
2018-08-01,credit_card,RO,4,1296.60
2018-08-01,credit_card,RS,215,41345.87
2018-08-01,credit_card,SC,163,30585.12
2018-08-01,credit_card,SE,18,3312.16
2018-08-01,credit_card,SP,2452,351107.51
2018-08-01,credit_card,TO,6,1602.05
2018-08-01,debit_card,AL,1,420.29
2018-08-01,debit_card,BA,14,1845.91
2018-08-01,debit_card,CE,1,177.88
2018-08-01,debit_card,DF,3,219.94
2018-08-01,debit_card,ES,3,2241.86
2018-08-01,debit_card,GO,6,440.70
2018-08-01,debit_card,MG,21,3180.50
2018-08-01,debit_card,MT,1,0
2018-08-01,debit_card,PA,4,1197.15
2018-08-01,debit_card,PB,3,2509.14
2018-08-01,debit_card,PE,4,696.65
2018-08-01,debit_card,PI,1,105.62
2018-08-01,debit_card,PR,13,2907.88
2018-08-01,debit_card,RJ,36,5324.56
2018-08-01,debit_card,RN,2,385.40
2018-08-01,debit_card,RS,10,1505.52
2018-08-01,debit_card,SC,5,693.21
2018-08-01,debit_card,SE,1,238.63
2018-08-01,debit_card,SP,147,21068.61
2018-08-01,debit_card,TO,1,283.02
2018-08-01,not_defined,SP,2,0
2018-08-01,voucher,BA,10,974.85
2018-08-01,voucher,CE,2,0
2018-08-01,voucher,DF,4,223.96
2018-08-01,voucher,ES,3,460.13
2018-08-01,voucher,GO,2,0
2018-08-01,voucher,MG,25,2146.87
2018-08-01,voucher,MT,2,191.40
2018-08-01,voucher,PA,1,0
2018-08-01,voucher,PB,2,164.43
2018-08-01,voucher,PE,2,306.73
2018-08-01,voucher,PR,17,1910.94
2018-08-01,voucher,RJ,23,2151.25
2018-08-01,voucher,RO,2,61.49
2018-08-01,voucher,RS,8,740.31
2018-08-01,voucher,SC,5,297.32
2018-08-01,voucher,SP,93,7311.27
2018-08-01,voucher,TO,2,267.31
