month_start,customer_state,orders,delivered_orders,revenue,late_orders,orders_with_delivery_date,delivery_days_sum,reviews,review_score_sum
2017-01-01,AC,2,2,723.14,0,2,41.67,2,4
2017-01-01,AL,2,2,454.36,0,2,30.89,2,6
2017-01-01,BA,25,24,4325.37,1,24,360.06,25,101
2017-01-01,CE,9,8,1085.13,1,8,204.52,9,34
2017-01-01,DF,13,13,2104.75,2,13,279.27,13,45
2017-01-01,ES,12,9,1010.78,1,9,148.69,12,39
2017-01-01,GO,18,18,4658.29,0,18,230.78,18,79
2017-01-01,MA,9,6,716.47,1,6,148.79,9,35
2017-01-01,MG,108,102,18045.23,0,102,1115.38,107,453
2017-01-01,MS,1,1,170.36,0,1,11.65,1,5
2017-01-01,MT,11,9,1922.79,0,9,142.27,11,35
2017-01-01,PA,12,10,1522.92,0,10,150.87,12,51
2017-01-01,PB,2,2,463.13,0,2,22.43,2,9
2017-01-01,PE,9,9,2151.93,1,9,187.34,8,34
2017-01-01,PI,7,7,1453.98,0,7,105.54,7,33
2017-01-01,PR,65,62,5985.00,2,62,737.36,65,279
2017-01-01,RJ,97,91,14002.73,3,91,1263.41,94,360
2017-01-01,RN,5,5,1268.13,0,5,51.46,5,24
2017-01-01,RO,3,3,825.51,0,3,85.55,3,9
2017-01-01,RS,54,52,13139.94,1,52,675.54,53,223
2017-01-01,SC,31,26,5555.61,1,26,436.26,31,116
2017-01-01,SE,4,4,381.78,0,4,52.99,4,19
2017-01-01,SP,299,283,44838.18,8,283,2975.91,295,1207
2017-01-01,TO,2,2,676.86,0,2,26.64,2,9
2017-02-01,AC,3,3,597.40,0,3,77.27,3,15
2017-02-01,AL,12,12,2967.87,1,12,344.72,12,52
2017-02-01,AM,8,8,1122.54,0,8,134.74,8,39
2017-02-01,AP,2,2,707.20,0,2,34.37,2,9
2017-02-01,BA,59,58,8517.47,5,58,1251.24,59,229
2017-02-01,CE,13,13,2483.53,1,13,278.29,13,57
2017-02-01,DF,24,21,10366.60,0,21,243.80,23,95
2017-02-01,ES,34,31,4590.71,2,31,640.39,32,125
2017-02-01,GO,27,24,2855.54,1,24,534.93,27,104
2017-02-01,MA,11,11,1195.23,0,11,171.09,11,51
2017-02-01,MG,259,241,33918.20,2,241,2955.11,259,1024
2017-02-01,MS,11,11,7910.94,0,11,218.77,11,50
2017-02-01,MT,17,17,3583.36,0,17,311.83,17,65
2017-02-01,PA,25,24,10604.70,0,24,461.50,25,108
2017-02-01,PB,12,11,2248.31,1,11,226.40,11,45
2017-02-01,PE,21,20,3320.02,1,20,371.98,21,86
2017-02-01,PI,12,10,3505.07,0,10,187.76,12,44
2017-02-01,PR,118,110,20612.70,3,110,1525.26,117,454
2017-02-01,RJ,254,230,35258.76,8,230,2858.00,251,992
2017-02-01,RN,8,8,648.61,0,8,142.43,8,35
2017-02-01,RO,11,9,1837.87,0,9,159.44,11,41
2017-02-01,RR,2,2,108.74,0,2,18.60,2,8
2017-02-01,RS,105,100,17391.45,3,100,1470.38,105,439
2017-02-01,SC,59,57,7105.68,3,57,898.48,57,220
2017-02-01,SE,12,12,2404.98,0,12,224.60,12,49
2017-02-01,SP,654,601,84436.29,18,601,5914.01,652,2635
2017-02-01,TO,7,7,939.55,0,7,112.60,7,30
2017-03-01,AC,2,2,530.18,0,2,40.33,2,9
2017-03-01,AL,10,10,1421.50,2,10,235.05,10,41
2017-03-01,AM,5,5,793.39,0,5,147.48,5,25
2017-03-01,AP,3,3,412.89,2,3,236.54,3,14
2017-03-01,BA,91,87,18314.25,7,87,1775.33,89,338
2017-03-01,CE,28,26,7158.84,8,26,753.68,28,81
2017-03-01,DF,57,54,7957.29,0,54,643.53,57,238
2017-03-01,ES,48,47,5930.81,0,47,452.63,48,208
2017-03-01,GO,53,47,9699.03,0,47,674.50,53,207
2017-03-01,MA,24,22,2722.15,4,22,530.74,24,87
2017-03-01,MG,358,343,48493.86,8,343,4001.35,355,1504
2017-03-01,MS,20,19,6992.90,0,19,237.42,20,85
2017-03-01,MT,16,16,2702.55,4,16,463.49,16,54
2017-03-01,PA,36,35,9072.74,3,35,892.15,36,127
2017-03-01,PB,16,16,4936.41,1,16,280.33,16,70
2017-03-01,PE,45,36,6519.38,1,36,619.86,45,173
2017-03-01,PI,13,13,2636.75,3,13,609.65,13,54
2017-03-01,PR,127,121,16976.20,5,121,1402.75,127,533
2017-03-01,RJ,395,370,61309.51,16,370,3955.06,391,1561
2017-03-01,RN,13,13,2104.60,3,13,413.07,13,54
2017-03-01,RO,16,16,2523.68,2,16,345.28,16,61
2017-03-01,RR,2,2,330.81,1,2,205.02,2,8
2017-03-01,RS,151,144,22944.03,2,144,2054.54,151,621
2017-03-01,SC,110,104,20265.69,19,104,1816.71,109,422
2017-03-01,SE,25,22,3121.51,3,22,815.70,25,86
2017-03-01,SP,1010,966,147657.79,22,966,9253.06,999,4149
2017-03-01,TO,8,7,802.21,0,7,118.59,8,31
2017-04-01,AC,5,5,1351.51,0,5,129.95,5,16
2017-04-01,AL,23,21,5169.93,8,21,649.80,23,67
2017-04-01,AM,13,13,1176.23,0,13,270.71,13,59
2017-04-01,BA,93,84,20385.40,12,84,2397.72,90,344
2017-04-01,CE,43,42,6924.79,5,42,1214.72,43,171
2017-04-01,DF,35,34,8550.68,0,34,507.24,35,130
2017-04-01,ES,46,45,6381.70,2,45,607.76,46,179
2017-04-01,GO,41,38,6346.47,3,38,742.65,41,153
2017-04-01,MA,27,25,3764.05,1,25,530.19,26,111
2017-04-01,MG,275,266,44907.12,7,266,3145.01,274,1146
2017-04-01,MS,15,15,2208.44,1,15,229.74,15,67
2017-04-01,MT,27,25,3991.56,2,25,542.03,27,103
2017-04-01,PA,36,36,6108.21,0,36,643.52,36,151
2017-04-01,PB,20,20,3562.68,3,20,532.84,19,65
2017-04-01,PE,40,36,4620.24,3,36,821.63,40,165
2017-04-01,PI,13,11,2448.68,0,11,145.66,12,50
2017-04-01,PR,114,112,17986.94,3,112,1520.06,114,478
2017-04-01,RJ,338,325,63917.09,21,325,4631.51,335,1360
2017-04-01,RN,10,10,1565.25,0,10,190.84,10,47
2017-04-01,RO,9,7,1042.46,1,7,141.63,9,33
2017-04-01,RR,2,2,106.89,0,2,44.31,2,7
2017-04-01,RS,139,132,19462.65,3,132,1900.74,139,562
2017-04-01,SC,105,100,13324.19,9,100,1638.44,105,427
2017-04-01,SE,13,13,3340.07,4,13,381.96,12,46
2017-04-01,SP,908,873,138729.28,61,873,10502.83,902,3657
2017-04-01,TO,14,13,3439.89,2,13,292.21,14,59
2017-05-01,AC,8,8,2371.73,0,8,159.73,8,33
2017-05-01,AL,27,26,5634.42,2,26,581.32,26,100
2017-05-01,AM,10,8,1244.49,1,8,262.11,10,34
2017-05-01,AP,5,4,1387.85,0,4,74.12,5,19
2017-05-01,BA,127,119,19536.10,4,119,1999.23,126,482
2017-05-01,CE,62,62,12628.67,1,62,1028.26,62,274
2017-05-01,DF,64,60,8687.25,0,60,700.15,64,270
2017-05-01,ES,94,90,14658.68,3,90,1147.68,91,391
2017-05-01,GO,87,83,18845.55,3,83,1325.75,87,354
2017-05-01,MA,33,31,4274.65,0,31,510.64,33,136
2017-05-01,MG,428,412,57394.46,7,412,4397.16,426,1727
2017-05-01,MS,29,26,3722.32,0,26,326.97,29,125
2017-05-01,MT,37,37,7680.57,1,37,556.36,37,161
2017-05-01,PA,35,35,6570.70,1,35,669.27,35,151
2017-05-01,PB,18,17,3372.49,1,17,287.95,18,71
2017-05-01,PE,68,63,12430.73,1,63,955.00,68,277
2017-05-01,PI,25,23,6676.85,0,23,328.18,25,107
2017-05-01,PR,213,206,35559.00,2,206,2116.85,211,913
2017-05-01,RJ,488,466,81282.65,13,466,5188.45,482,1968
2017-05-01,RN,17,17,5582.87,0,17,268.50,17,71
2017-05-01,RO,9,8,828.88,0,8,135.35,8,30
2017-05-01,RR,2,2,317.97,0,2,56.69,2,8
2017-05-01,RS,208,206,33017.56,1,205,2362.23,208,890
2017-05-01,SC,152,146,24493.29,7,146,2094.54,148,604
2017-05-01,SE,11,11,1059.53,0,11,218.31,11,51
2017-05-01,SP,1425,1363,194990.23,58,1363,12167.52,1412,5863
2017-05-01,TO,18,17,2601.91,0,17,219.36,17,68
2017-06-01,AC,4,4,510.27,0,4,74.76,4,19
2017-06-01,AL,10,10,1268.97,3,10,261.72,10,34
2017-06-01,AM,1,1,204.84,0,1,5.53,1,2
2017-06-01,AP,2,2,369.74,0,2,51.10,2,9
2017-06-01,BA,106,103,22872.92,8,103,1889.95,105,383
2017-06-01,CE,47,44,10884.08,0,44,730.29,46,187
2017-06-01,DF,70,69,9700.35,1,69,955.56,70,275
2017-06-01,ES,80,79,12343.29,5,79,1273.20,79,336
2017-06-01,GO,79,73,10585.22,3,73,1140.21,79,323
2017-06-01,MA,17,15,2224.06,0,15,246.79,17,62
2017-06-01,MG,363,356,54349.25,5,356,4298.31,360,1532
2017-06-01,MS,27,27,4442.66,0,27,392.43,27,114
2017-06-01,MT,25,24,4821.91,1,24,402.33,25,104
2017-06-01,PA,38,36,6610.35,2,36,702.49,38,159
2017-06-01,PB,23,22,6912.99,2,22,442.05,23,93
2017-06-01,PE,46,41,7108.02,2,41,789.93,46,184
2017-06-01,PI,14,14,2626.96,0,14,189.38,14,63
2017-06-01,PR,170,167,25511.62,2,167,1887.11,170,728
2017-06-01,RJ,412,399,61867.18,13,399,5002.95,405,1665
2017-06-01,RN,13,12,1593.06,1,12,242.75,12,47
2017-06-01,RO,10,10,2311.06,0,10,179.99,10,48
2017-06-01,RR,3,3,175.18,0,3,59.26,3,14
2017-06-01,RS,221,215,28267.63,1,215,2669.15,221,984
2017-06-01,SC,116,109,15522.55,4,109,1573.46,115,465
2017-06-01,SE,9,8,1619.23,0,8,161.72,9,30
2017-06-01,SP,1331,1284,190905.86,42,1284,11913.94,1319,5447
2017-06-01,TO,8,8,4441.12,0,8,120.08,8,38
2017-07-01,AC,5,5,794.40,0,5,91.32,5,22
2017-07-01,AL,17,15,2839.57,7,15,468.09,16,53
2017-07-01,AM,5,5,951.40,0,5,93.59,5,19
2017-07-01,AP,1,1,292.39,0,1,16.83,1,4
2017-07-01,BA,155,144,22119.87,7,144,2606.18,153,618
2017-07-01,CE,53,53,9833.21,0,53,892.45,53,229
2017-07-01,DF,77,75,12837.69,0,75,951.70,76,331
2017-07-01,ES,83,81,8879.17,3,81,1198.27,81,321
2017-07-01,GO,77,77,10576.97,3,77,1118.40,77,342
2017-07-01,MA,39,37,7599.90,0,37,766.22,39,155
2017-07-01,MG,453,435,63482.46,4,435,4882.29,446,1841
2017-07-01,MS,25,24,4120.79,0,24,331.26,25,107
2017-07-01,MT,38,37,11302.11,0,37,576.98,37,162
2017-07-01,PA,39,36,5700.98,3,36,684.73,39,151
2017-07-01,PB,27,26,5527.03,5,26,695.61,27,111
2017-07-01,PE,73,70,11523.39,13,70,1655.87,73,266
2017-07-01,PI,20,20,2938.77,1,20,298.95,19,77
2017-07-01,PR,203,195,28853.67,1,195,2106.60,202,895
2017-07-01,RJ,571,547,87535.71,17,547,6779.97,561,2314
2017-07-01,RN,27,27,4178.25,3,27,647.72,27,107
2017-07-01,RO,11,10,1428.64,0,10,184.93,11,45
2017-07-01,RR,1,1,225.01,0,1,8.52,1,5
2017-07-01,RS,249,242,34590.91,6,242,3240.57,248,1048
2017-07-01,SC,158,152,21810.52,7,152,1990.59,158,679
2017-07-01,SE,14,13,1773.19,0,13,248.10,14,52
2017-07-01,SP,1604,1543,204456.50,28,1543,12333.41,1595,6706
2017-07-01,TO,1,1,126.58,0,1,18.09,1,4
2017-08-01,AC,4,4,765.83,0,4,72.29,4,15
2017-08-01,AL,18,17,9558.32,3,17,425.92,18,68
2017-08-01,AM,5,5,1483.41,0,5,118.32,5,23
2017-08-01,AP,3,3,384.78,0,3,67.04,3,13
2017-08-01,BA,158,152,29358.41,5,152,2332.27,156,644
2017-08-01,CE,73,73,12957.67,1,73,1175.53,73,332
2017-08-01,DF,87,83,11396.93,1,83,980.27,87,369
2017-08-01,ES,95,94,15344.55,4,94,1276.00,95,397
2017-08-01,GO,93,89,15597.37,2,89,1202.10,92,373
2017-08-01,MA,40,38,7625.94,2,38,728.58,40,148
2017-08-01,MG,469,459,68994.53,11,459,5051.95,464,1988
2017-08-01,MS,24,24,4468.64,0,24,321.69,23,95
2017-08-01,MT,38,38,7831.89,0,38,591.49,36,144
2017-08-01,PA,60,57,17119.10,0,57,988.06,60,242
2017-08-01,PB,16,16,3053.11,1,16,303.18,16,72
2017-08-01,PE,85,83,15449.90,12,83,1801.20,85,325
2017-08-01,PI,22,20,5290.71,0,20,342.02,22,83
2017-08-01,PR,223,220,33311.70,0,220,2170.77,222,974
2017-08-01,RJ,562,537,88279.28,16,537,6678.38,555,2325
2017-08-01,RN,20,20,3273.35,2,20,391.76,20,91
2017-08-01,RO,14,14,2815.97,0,14,246.88,14,61
2017-08-01,RS,299,296,39900.39,22,296,4501.10,298,1258
2017-08-01,SC,159,152,25505.67,4,152,2002.41,159,654
2017-08-01,SE,20,19,4329.04,2,19,335.56,20,82
2017-08-01,SP,1729,1665,219217.35,34,1665,12422.45,1716,7369
2017-08-01,TO,15,15,2518.52,0,15,212.94,15,73
2017-09-01,AC,5,5,2029.23,1,5,133.49,5,20
2017-09-01,AL,20,19,5093.78,8,19,595.79,20,69
2017-09-01,AM,9,9,1518.44,0,9,218.31,8,33
2017-09-01,AP,2,2,499.22,0,2,39.24,2,10
2017-09-01,BA,170,167,27981.32,28,167,3192.04,168,670
2017-09-01,CE,77,74,19287.00,2,74,1134.38,77,313
2017-09-01,DF,97,94,15362.93,7,94,1211.37,97,394
2017-09-01,ES,93,93,13314.19,4,93,1190.10,92,386
2017-09-01,GO,88,84,15488.32,2,84,1157.20,88,363
2017-09-01,MA,42,41,11223.69,3,41,723.99,42,176
2017-09-01,MG,507,493,82843.49,5,493,5025.86,505,2169
2017-09-01,MS,33,32,5569.48,0,32,381.41,33,130
2017-09-01,MT,35,34,8167.22,2,34,546.78,35,139
2017-09-01,PA,41,41,7731.74,5,41,992.47,41,171
2017-09-01,PB,29,25,6284.27,7,25,663.20,28,109
2017-09-01,PE,76,74,15529.60,6,74,1219.70,75,302
2017-09-01,PI,23,22,3574.17,1,22,366.00,22,87
2017-09-01,PR,183,176,24766.90,1,176,2043.11,181,750
2017-09-01,RJ,609,591,106697.15,30,591,7637.95,602,2523
2017-09-01,RN,24,23,4019.86,3,23,496.64,24,87
2017-09-01,RO,16,16,4938.28,0,16,280.36,16,67
2017-09-01,RR,1,1,65.37,0,1,17.04,1,4
2017-09-01,RS,278,273,43233.60,5,273,3800.52,278,1192
2017-09-01,SC,156,153,29150.07,11,153,2201.98,156,652
2017-09-01,SE,16,16,3541.49,2,16,328.84,16,63
2017-09-01,SP,1638,1576,238766.96,49,1576,13273.22,1622,6853
2017-09-01,TO,17,16,4399.72,0,16,310.85,17,72
2017-10-01,AC,6,5,863.80,0,5,65.72,6,20
2017-10-01,AL,28,28,6341.58,2,28,570.68,28,116
2017-10-01,AM,3,3,164.56,0,3,58.87,3,15
2017-10-01,AP,3,3,1696.74,0,3,56.07,3,13
2017-10-01,BA,166,158,27614.20,16,158,2878.87,165,630
2017-10-01,CE,66,63,14338.59,3,63,1236.43,65,247
2017-10-01,DF,98,92,14731.50,3,92,1151.00,98,381
2017-10-01,ES,100,100,12667.55,5,100,1455.64,100,427
2017-10-01,GO,108,106,19277.69,2,106,1507.76,107,462
2017-10-01,MA,48,48,12526.98,12,48,1020.26,48,178
2017-10-01,MG,560,542,93049.17,5,542,5651.76,557,2344
2017-10-01,MS,34,33,7301.77,2,33,452.43,34,150
2017-10-01,MT,52,50,12892.88,1,50,812.07,52,225
2017-10-01,PA,54,52,8721.81,3,52,1294.92,54,216
2017-10-01,PB,30,28,11515.49,0,28,541.61,29,121
2017-10-01,PE,80,77,20097.25,5,77,1366.69,78,333
2017-10-01,PI,23,23,4955.04,0,23,368.52,23,100
2017-10-01,PR,206,198,37404.60,6,198,2535.33,204,833
2017-10-01,RJ,668,654,110577.96,45,654,8559.97,658,2723
2017-10-01,RN,23,23,5352.02,1,23,423.14,23,95
2017-10-01,RO,14,13,2291.69,0,13,217.69,14,59
2017-10-01,RR,3,3,525.15,1,3,100.17,3,11
2017-10-01,RS,252,244,43173.07,5,244,3523.88,250,1033
2017-10-01,SC,178,174,24773.76,8,174,2250.45,177,736
2017-10-01,SE,22,22,5123.29,6,22,517.94,22,73
2017-10-01,SP,1793,1723,249900.80,56,1723,14295.66,1779,7347
2017-10-01,TO,13,13,3238.07,0,13,180.69,13,51
2017-11-01,AC,5,5,945.16,1,5,120.37,5,18
2017-11-01,AL,26,26,7441.47,5,26,602.54,26,105
2017-11-01,AM,10,10,3001.01,0,10,342.24,10,47
2017-11-01,AP,4,4,689.17,0,4,111.81,4,18
2017-11-01,BA,250,243,35449.55,36,243,4947.36,248,951
2017-11-01,CE,108,103,22128.37,27,103,2577.43,107,363
2017-11-01,DF,168,157,30196.03,18,157,2372.70,168,634
2017-11-01,ES,170,168,28402.83,34,168,2918.41,167,629
2017-11-01,GO,157,153,24663.56,20,153,2837.98,153,611
2017-11-01,MA,56,53,12234.40,28,53,1611.27,55,169
2017-11-01,MG,943,922,154129.38,66,922,13244.65,935,3844
2017-11-01,MS,46,44,6982.46,4,44,710.12,46,188
2017-11-01,MT,74,73,13363.59,9,73,1468.75,74,293
2017-11-01,PA,70,69,14372.53,10,69,1827.98,69,241
2017-11-01,PB,30,27,5716.22,5,27,645.91,29,98
2017-11-01,PE,126,125,24234.70,15,125,2424.33,125,471
2017-11-01,PI,31,31,3805.39,15,31,830.66,31,102
2017-11-01,PR,378,365,54237.97,32,365,5366.33,375,1519
2017-11-01,RJ,1048,1012,172197.82,263,1012,19465.36,1040,3744
2017-11-01,RN,44,41,9740.03,8,41,849.69,44,153
2017-11-01,RO,17,17,7057.47,0,17,291.19,17,67
2017-11-01,RR,2,2,151.46,1,2,68.23,2,6
2017-11-01,RS,422,409,67262.73,52,409,7772.62,419,1588
2017-11-01,SC,303,288,44267.72,43,288,5075.21,300,1141
2017-11-01,SE,27,26,6613.39,7,26,687.65,27,91
2017-11-01,SP,3012,2899,401000.87,202,2898,30986.93,2987,12092
2017-11-01,TO,17,17,3078.92,3,17,336.51,17,69
2017-12-01,AC,5,5,1409.58,0,5,109.59,5,24
2017-12-01,AL,14,12,2680.76,0,12,261.29,14,59
2017-12-01,AM,6,6,1173.62,0,6,221.26,6,28
2017-12-01,AP,4,4,770.56,0,4,122.17,4,16
2017-12-01,BA,192,188,32914.95,24,188,4213.14,189,743
2017-12-01,CE,81,79,12640.20,6,79,1824.71,81,325
2017-12-01,DF,131,129,19766.65,6,129,1983.24,129,531
2017-12-01,ES,113,108,14250.56,7,108,2126.68,111,451
2017-12-01,GO,127,125,18386.48,9,125,2313.31,126,500
2017-12-01,MA,41,40,7281.94,5,40,975.45,41,134
2017-12-01,MG,691,669,105453.80,23,669,9792.87,688,2781
2017-12-01,MS,36,34,6005.95,2,34,676.34,36,149
2017-12-01,MT,50,49,10548.43,5,49,1143.72,49,190
2017-12-01,PA,58,58,12382.40,4,58,1534.60,57,221
2017-12-01,PB,37,37,7016.25,4,37,797.75,36,134
2017-12-01,PE,103,101,19157.13,8,101,2184.41,101,400
2017-12-01,PI,23,23,3508.48,3,23,478.93,23,102
2017-12-01,PR,270,260,35094.41,13,260,3860.73,269,1076
2017-12-01,RJ,783,746,130017.21,179,746,16294.77,765,2635
2017-12-01,RN,30,30,4098.50,2,30,507.32,30,135
2017-12-01,RO,11,11,2410.36,0,11,232.99,11,41
2017-12-01,RS,283,278,48693.42,28,278,5591.90,279,1104
2017-12-01,SC,193,192,28370.06,8,192,3415.77,192,791
2017-12-01,SE,20,20,4051.92,3,20,489.96,20,86
2017-12-01,SP,2357,2295,313102.51,72,2295,23453.98,2336,9832
2017-12-01,TO,14,14,1892.16,0,14,265.10,14,60
2018-01-01,AC,6,6,1157.89,0,6,112.46,6,25
2018-01-01,AL,37,36,6218.42,12,36,1003.52,37,125
2018-01-01,AM,12,12,3433.46,0,12,375.17,12,42
2018-01-01,AP,11,11,2788.74,0,11,274.34,11,42
2018-01-01,BA,239,228,43494.59,15,228,4322.70,233,875
2018-01-01,CE,90,77,14757.26,9,77,1904.79,86,314
2018-01-01,DF,138,135,20353.35,4,135,1736.34,137,550
2018-01-01,ES,147,145,23528.22,14,145,2402.94,146,621
2018-01-01,GO,146,144,19959.50,7,144,2314.52,145,580
2018-01-01,MA,57,55,11090.63,4,55,1082.75,56,224
2018-01-01,MG,863,846,132577.79,26,846,10806.48,858,3548
2018-01-01,MS,70,70,12029.88,3,70,1073.75,70,302
2018-01-01,MT,85,83,12766.27,3,83,1599.24,84,340
2018-01-01,PA,70,69,16733.80,6,69,1786.20,69,257
2018-01-01,PB,31,31,8022.52,4,31,686.48,31,137
2018-01-01,PE,104,102,17198.16,8,102,1962.23,103,418
2018-01-01,PI,48,47,8577.28,5,47,913.20,48,190
2018-01-01,PR,378,371,51705.11,6,371,5103.31,375,1560
2018-01-01,RJ,893,850,137340.09,111,850,15607.29,878,3297
2018-01-01,RN,46,42,6833.55,1,42,645.32,45,193
2018-01-01,RO,20,20,3090.10,1,20,494.37,20,82
2018-01-01,RR,2,1,162.79,0,1,25.01,2,5
2018-01-01,RS,373,367,54809.28,30,367,6978.06,372,1497
2018-01-01,SC,314,311,44495.73,31,311,5985.46,308,1220
2018-01-01,SE,20,19,3689.27,1,19,371.02,20,84
2018-01-01,SP,3052,2975,418292.49,102,2975,29672.48,3032,12504
2018-01-01,TO,17,16,2781.29,0,16,295.74,17,68
2018-02-01,AC,3,3,299.22,0,3,69.41,3,14
2018-02-01,AL,27,27,5680.85,10,27,737.55,26,84
2018-02-01,AM,8,8,2486.58,1,8,264.74,8,26
2018-02-01,AP,2,2,1086.31,0,2,44.29,2,8
2018-02-01,BA,214,208,37593.94,40,208,4845.17,214,767
2018-02-01,CE,88,84,12669.06,33,84,2575.76,88,258
2018-02-01,DF,172,170,24650.39,20,170,3205.69,171,654
2018-02-01,ES,152,149,20330.98,18,149,2893.22,150,588
2018-02-01,GO,149,146,21259.31,23,146,2932.12,146,550
2018-02-01,MA,56,55,12459.92,18,55,1610.05,56,184
2018-02-01,MG,804,790,124114.83,66,790,12451.66,796,3185
2018-02-01,MS,64,64,10126.16,13,64,1356.31,64,244
2018-02-01,MT,67,67,9847.28,8,67,1486.17,67,268
2018-02-01,PA,58,57,10947.18,7,57,1687.95,57,220
2018-02-01,PB,35,35,6342.92,3,35,675.30,35,135
2018-02-01,PE,125,121,20109.97,14,121,2522.03,121,486
2018-02-01,PI,34,32,5658.96,7,32,729.55,34,119
2018-02-01,PR,342,335,51598.61,30,335,4951.57,340,1375
2018-02-01,RJ,922,879,130648.53,299,879,20935.96,910,2933
2018-02-01,RN,23,23,4131.02,2,23,480.73,23,101
2018-02-01,RO,14,13,2109.97,0,13,277.48,14,59
2018-02-01,RR,5,3,235.63,1,3,142.72,5,11
2018-02-01,RS,368,363,54677.47,48,363,7711.07,366,1445
2018-02-01,SC,257,254,37691.39,61,254,5531.21,255,921
2018-02-01,SE,15,15,5103.10,2,15,274.88,15,66
2018-02-01,SP,2703,2632,350950.36,193,2632,30133.56,2685,10758
2018-02-01,TO,21,20,3358.47,9,20,549.18,21,66
2018-03-01,AC,2,2,164.67,0,2,71.30,2,6
2018-03-01,AL,30,27,7465.31,9,27,656.06,30,103
2018-03-01,AM,9,8,1434.17,2,8,313.04,8,35
2018-03-01,AP,5,5,704.54,0,5,160.97,5,18
2018-03-01,BA,249,235,43214.86,74,235,5479.86,247,826
2018-03-01,CE,98,93,22201.20,47,93,2764.58,97,288
2018-03-01,DF,150,147,24405.52,27,147,2393.58,148,555
2018-03-01,ES,134,133,20361.30,55,133,2890.16,131,430
2018-03-01,GO,146,141,22223.25,28,141,2658.36,146,541
2018-03-01,MA,53,49,10459.45,25,49,1297.06,52,166
2018-03-01,MG,879,856,136182.28,175,856,14349.74,870,3171
2018-03-01,MS,59,57,8588.89,23,57,1249.71,59,189
2018-03-01,MT,55,52,9981.38,13,52,1203.04,54,197
2018-03-01,PA,73,67,14787.13,34,67,2537.08,71,175
2018-03-01,PB,39,39,8067.23,5,39,880.48,39,159
2018-03-01,PE,108,107,26810.18,22,107,2302.98,107,410
2018-03-01,PI,35,34,8158.83,10,34,756.67,34,117
2018-03-01,PR,377,369,58850.79,49,369,5651.14,376,1454
2018-03-01,RJ,907,864,135186.87,298,864,20991.25,887,2823
2018-03-01,RN,39,38,8857.16,7,38,916.08,39,152
2018-03-01,RO,13,13,3305.85,3,13,341.16,13,44
2018-03-01,RR,6,5,2018.80,0,5,161.07,6,20
2018-03-01,RS,418,407,66375.42,78,407,8103.33,417,1558
2018-03-01,SC,252,247,42689.50,48,247,4260.71,249,950
2018-03-01,SE,18,17,3412.52,11,17,435.64,18,44
2018-03-01,SP,3037,2971,429111.51,280,2971,30911.11,3023,12326
2018-03-01,TO,20,20,5579.63,5,20,422.49,20,69
2018-04-01,AC,4,4,588.17,1,4,141.26,4,13
2018-04-01,AL,28,27,7006.46,7,27,642.94,28,98
2018-04-01,AM,6,6,893.49,0,6,158.30,6,28
2018-04-01,AP,5,5,1042.80,0,5,136.05,4,17
2018-04-01,BA,225,216,36881.76,40,216,4843.77,219,832
2018-04-01,CE,100,96,19887.60,23,96,2321.73,100,372
2018-04-01,DF,148,146,21467.25,3,146,1652.83,146,612
2018-04-01,ES,142,140,19112.65,22,140,2463.50,139,547
2018-04-01,GO,136,132,22230.51,6,132,2025.35,134,566
2018-04-01,MA,46,46,10023.53,6,46,920.94,46,187
2018-04-01,MG,786,778,128818.81,19,778,8652.26,783,3292
2018-04-01,MS,43,43,7053.14,3,43,707.27,43,172
2018-04-01,MT,65,64,13542.45,1,64,1160.63,65,288
2018-04-01,PA,71,66,13825.55,20,66,2073.43,65,211
2018-04-01,PB,31,28,5516.37,6,28,665.81,31,108
2018-04-01,PE,114,110,21510.50,15,110,2282.46,112,411
2018-04-01,PI,37,34,12357.31,4,34,556.16,37,149
2018-04-01,PR,386,381,76235.20,5,381,3874.32,385,1646
2018-04-01,RJ,834,807,139672.71,39,807,11526.00,826,3333
2018-04-01,RN,32,32,7518.84,10,32,874.48,31,105
2018-04-01,RO,11,11,4085.72,0,11,247.93,11,48
2018-04-01,RR,2,2,772.01,1,2,85.48,2,6
2018-04-01,RS,349,345,58777.57,12,345,4602.30,348,1478
2018-04-01,SC,246,245,51729.70,5,245,2943.35,244,1070
2018-04-01,SE,14,13,3532.98,6,13,380.85,14,38
2018-04-01,SP,3059,3002,443425.34,51,3002,21915.02,3041,12940
2018-04-01,TO,19,19,5370.51,1,19,317.01,19,81
2018-05-01,AC,2,2,1501.42,0,2,41.17,2,8
2018-05-01,AL,19,19,4393.10,2,19,408.30,19,87
2018-05-01,AM,9,9,2181.79,0,9,238.43,9,44
2018-05-01,AP,6,6,1189.93,0,6,142.49,6,29
2018-05-01,BA,241,237,42313.78,47,237,4826.07,238,903
2018-05-01,CE,74,72,14495.34,8,72,1526.25,73,309
2018-05-01,DF,144,140,28836.36,13,140,1667.17,143,599
2018-05-01,ES,134,132,22037.68,21,132,2115.80,132,542
2018-05-01,GO,139,136,27537.77,7,136,1885.68,139,544
2018-05-01,MA,32,32,8589.55,2,32,601.27,32,129
2018-05-01,MG,762,751,119508.58,69,751,9020.04,757,3154
2018-05-01,MS,45,44,11059.73,4,44,597.61,45,198
2018-05-01,MT,67,66,14789.89,2,66,1081.47,67,290
2018-05-01,PA,40,40,9160.55,5,40,1017.93,39,158
2018-05-01,PB,29,29,5909.59,1,29,600.10,29,131
2018-05-01,PE,106,102,16506.23,12,102,1870.48,105,418
2018-05-01,PI,31,30,8422.94,6,30,632.05,31,120
2018-05-01,PR,311,308,53994.09,23,308,3792.68,310,1310
2018-05-01,RJ,833,816,143369.25,56,816,10813.94,829,3363
2018-05-01,RN,22,22,4998.86,1,22,385.99,22,89
2018-05-01,RO,17,17,3157.51,0,17,358.75,17,71
2018-05-01,RR,1,1,171.69,0,1,18.36,1,4
2018-05-01,RS,351,350,59733.47,10,350,4703.98,350,1507
2018-05-01,SC,227,226,41778.77,12,226,3031.56,226,973
2018-05-01,SE,8,8,1320.59,2,8,157.68,8,27
2018-05-01,SP,3207,3138,478501.73,136,3138,25225.83,3194,13615
2018-05-01,TO,16,16,3314.33,4,16,305.86,16,62
2018-06-01,AC,3,3,597.26,0,3,34.39,3,14
2018-06-01,AL,24,24,4852.93,0,24,492.26,24,110
2018-06-01,AM,7,7,1211.14,0,7,129.73,7,28
2018-06-01,AP,2,2,247.92,0,2,34.38,2,9
2018-06-01,BA,201,198,41922.13,11,198,3579.64,200,812
2018-06-01,CE,74,72,19726.47,0,72,1099.07,74,317
2018-06-01,DF,150,147,22875.97,1,147,1343.20,149,645
2018-06-01,ES,124,123,20647.08,5,123,1686.16,124,505
2018-06-01,GO,105,105,17381.31,1,105,1256.07,105,447
2018-06-01,MA,42,41,7845.37,5,41,820.04,42,166
2018-06-01,MG,717,714,125358.97,1,714,6101.15,711,3081
2018-06-01,MS,49,49,10765.75,1,49,590.17,48,210
2018-06-01,MT,58,58,13008.55,1,58,854.25,57,238
2018-06-01,PA,54,54,11950.55,0,54,963.71,54,239
2018-06-01,PB,28,28,14221.13,1,28,446.96,28,114
2018-06-01,PE,94,91,17821.38,2,91,1138.03,93,416
2018-06-01,PI,29,29,5999.96,9,29,664.43,29,107
2018-06-01,PR,308,306,50248.06,0,306,2704.30,306,1303
2018-06-01,RJ,716,707,119242.80,9,707,7464.26,711,2992
2018-06-01,RN,36,35,8396.00,0,35,482.42,36,154
2018-06-01,RO,12,11,2418.97,0,11,173.30,12,44
2018-06-01,RR,5,5,1642.41,0,5,91.68,5,19
2018-06-01,RS,305,304,53080.68,4,304,3664.20,304,1335
2018-06-01,SC,205,205,39055.27,0,205,2054.52,205,877
2018-06-01,SE,28,25,4413.51,0,25,368.92,28,115
2018-06-01,SP,2773,2738,392059.69,20,2735,17830.27,2766,11898
2018-06-01,TO,18,18,4987.03,0,18,255.02,18,73
2018-07-01,AC,4,4,1769.95,0,4,55.41,4,18
2018-07-01,AL,23,22,4692.58,4,22,513.18,23,88
2018-07-01,AM,18,18,2598.41,0,18,400.92,18,72
2018-07-01,AP,6,6,1613.63,0,6,186.30,6,23
2018-07-01,BA,250,245,49910.34,15,245,3323.15,247,1036
2018-07-01,CE,87,84,16582.81,1,84,1068.80,87,369
2018-07-01,DF,166,165,27244.04,7,165,1548.81,166,712
2018-07-01,ES,123,122,33519.46,9,122,1499.70,121,517
2018-07-01,GO,115,112,24379.44,5,112,1362.71,115,472
2018-07-01,MA,40,39,7746.76,7,39,691.11,40,151
2018-07-01,MG,658,644,108762.20,8,644,5425.44,654,2781
2018-07-01,MS,49,49,8295.34,2,49,565.33,49,214
2018-07-01,MT,47,47,12645.66,0,47,598.36,47,209
2018-07-01,PA,57,57,15851.64,3,57,872.15,57,244
2018-07-01,PB,52,51,19940.03,2,51,753.07,52,213
2018-07-01,PE,137,136,30181.23,8,136,1785.98,137,588
2018-07-01,PI,32,32,8471.11,2,32,493.18,31,125
2018-07-01,PR,320,314,53725.51,6,314,2713.87,318,1385
2018-07-01,RJ,717,696,116743.43,17,696,6656.78,708,3005
2018-07-01,RN,29,29,9679.73,0,29,378.59,27,119
2018-07-01,RO,16,16,5249.38,0,16,212.29,16,70
2018-07-01,RR,5,5,1960.59,0,5,94.12,5,25
2018-07-01,RS,316,308,48279.68,5,308,3205.16,316,1345
2018-07-01,SC,198,195,36837.39,4,195,1844.20,198,864
2018-07-01,SE,28,26,5511.03,2,26,375.64,28,113
2018-07-01,SP,2777,2715,371820.82,100,2712,18204.81,2755,11773
2018-07-01,TO,22,22,3795.09,1,22,320.23,22,100
2018-08-01,AC,3,3,604.52,0,3,40.93,3,15
2018-08-01,AL,16,16,2913.71,0,16,229.29,16,70
2018-08-01,AM,4,4,512.50,0,4,78.26,4,15
2018-08-01,AP,2,2,257.40,0,2,33.30,2,10
2018-08-01,BA,165,159,26095.59,1,159,1830.07,165,700
2018-08-01,CE,57,55,11881.57,0,55,724.90,57,244
2018-08-01,DF,145,143,23431.71,5,143,1307.25,145,609
2018-08-01,ES,105,103,19353.93,0,103,1038.33,105,447
2018-08-01,GO,120,117,21204.65,3,117,1222.16,120,510
2018-08-01,MA,30,29,5200.03,2,29,367.74,30,125
2018-08-01,MG,708,700,113569.86,12,700,5284.14,706,3075
2018-08-01,MS,35,35,6551.95,10,35,518.08,35,137
2018-08-01,MT,40,39,5732.64,0,39,449.16,40,179
2018-08-01,PA,44,43,10965.90,0,43,598.22,44,194
2018-08-01,PB,30,28,9135.64,2,28,375.38,30,129
2018-08-01,PE,85,83,15148.16,4,83,1017.88,85,360
2018-08-01,PI,21,20,3864.86,0,20,237.92,21,82
2018-08-01,PR,333,327,46556.00,10,327,2640.90,332,1442
2018-08-01,RJ,745,723,111210.91,42,723,5993.05,741,3103
2018-08-01,RN,20,20,5993.75,0,20,240.32,20,92
2018-08-01,RO,9,8,3236.63,0,8,100.87,9,41
2018-08-01,RS,300,293,51763.73,9,293,2911.45,296,1300
2018-08-01,SC,206,201,38204.50,6,201,1819.27,205,883
2018-08-01,SE,23,23,5600.79,0,23,289.63,23,100
2018-08-01,SP,3253,3164,443835.20,285,3164,19603.14,3238,13679
2018-08-01,TO,13,13,2665.51,2,13,159.07,13,60
