first_category,customers,repeat_customers,repeat_rate_pct,revenue_per_customer
home_appliances,675,59,8.74,138.32
fashion_bags_accessories,1685,92,5.46,106.50
furniture_decor,5867,272,4.64,149.20
bed_bath_table,8759,392,4.48,140.65
sports_leisure,7183,275,3.83,155.35
pet_shop,1624,48,2.96,153.51
garden_tools,3319,96,2.89,170.77
computers_accessories,6286,181,2.88,163.65
unknown,1313,37,2.82,150.72
perfumery,2964,82,2.77,148.51
health_beauty,8325,225,2.70,169.12
housewares,5490,146,2.66,138.64
telephony,3981,97,2.44,96.71
toys,3659,87,2.38,147.92
baby,2677,57,2.13,172.69
office_furniture,1220,26,2.13,274.95
luggage_accessories,990,21,2.12,170.15
watches_gifts,5313,112,2.11,235.97
stationery,2192,46,2.10,123.37
small_appliances,594,12,2.02,330.44
auto,3695,74,2.00,181.20
construction_tools_construction,703,14,1.99,227.36
cool_stuff,3466,68,1.96,199.03
consoles_games,989,18,1.82,166.66
musical_instruments,597,10,1.68,337.05
electronics,2458,40,1.63,82.36
